"1","47","346.97","2021-08-22"
"2","48","355.36","2022-02-05"
"3","52","197.03","2020-06-02"
"4","17","289.64","2024-01-14"
"5","7","446.02","2023-07-17"
"6","37","265.47","2022-12-09"
"7","21",\N,"2022-06-07"
"8","96","792.03","2021-11-26"
"9",\N,"386.91","2020-11-10"
"10","51","616.31","2020-11-09"
"11","42","74.94","2022-09-11"
"12","80","273.22","2024-02-08"
"13","54","198.29","2023-11-07"
"14","4","152.42","2022-07-12"
"15","33","717.53","2022-09-28"
"16","23","322.83",\N
"17","38","109.90","2022-10-13"
"18","89","645.58","2021-05-18"
"19","57","712.66","2021-11-16"
"20","27","917.65","2020-03-21"
"21","76",\N,"2021-06-07"
"22","35","495.25","2021-02-02"
"23","60","861.43","2020-02-25"
"24",\N,"692.15","2020-03-18"
"25","75","744.54","2021-09-16"
"26","22","275.69","2021-05-13"
"27","83","728.59","2021-08-20"
"28","2","687.31","2023-10-25"
"29","47","540.86","2020-03-29"
"30","26","240.25","2021-04-02"
"31","64","321.06","2021-07-30"
"32","41","297.57","2024-01-10"
"33","96",\N,"2021-09-18"
"34","64","251.02","2020-05-02"
"35","30","778.32","2020-09-22"
"36","36","228.85","2020-06-23"
"37","16",\N,"2020-10-19"
"38","9","829.49","2020-01-17"
"39","75","0.69","2021-05-17"
"40","36","688.32","2023-09-18"
"41","99","591.53","2021-07-04"
"42","66","57.73","2020-12-28"
"43","7","145.93","2020-08-09"
"44","49","959.74","2023-06-07"
"45","25","101.06","2022-12-30"
"46","97","674.37","2020-09-13"
"47","18","855.26","2022-08-21"
"48","51","870.22","2023-12-14"
"49","46","951.69","2020-01-04"
"50","48","57.13","2023-03-24"
"51","42","790.99","2021-04-01"
"52","67","959.60",\N
"53","3","274.96","2020-01-20"
"54","78","621.42","2023-05-22"
"55","8","84.73",\N
"56","39","80.53","2020-03-13"
"57","20","354.44","2023-11-08"
"58","64","580.13","2021-05-06"
"59","1",\N,"2022-07-28"
"60","62","115.90","2022-08-08"
"61","100","284.26","2021-09-01"
"62","17","432.08",\N
"63","71","328.32","2023-08-25"
"64","93","607.89","2020-11-12"
"65","54","316.07","2020-09-07"
"66","33","652.01","2021-12-11"
"67","14","266.97","2023-08-03"
"68","20","867.04","2022-11-26"
"69","64","608.46","2023-08-28"
"70","44","245.44","2023-02-03"
"71","10","13.80","2021-09-14"
"72","76","640.03","2021-06-12"
"73","94","563.30","2021-03-29"
"74","68","100.82","2023-06-17"
"75","10","149.01","2020-01-20"
"76","91","98.18","2022-12-02"
"77","63","446.19","2023-07-24"
"78","46",\N,"2021-09-14"
"79","35","853.37","2020-05-21"
"80","12","390.35","2021-06-15"
"81","23","68.06","2021-02-17"
"82","63","335.82","2023-03-21"
"83",\N,"227.04","2023-09-27"
"84","26","621.33","2022-02-26"
"85","38","473.53","2022-06-01"
"86","92","44.74","2022-08-14"
"87","71","750.36","2023-07-25"
"88","74","187.04","2023-10-16"
"89","86","925.33","2023-08-31"
"90","63","801.84","2022-08-04"
"91","77","895.29","2020-06-11"
"92","100","994.17","2023-09-18"
"93","24",\N,"2022-07-23"
"94","78","147.94","2023-05-17"
"95","28","842.40","2022-02-27"
"96","41",\N,\N
"97",\N,"401.63","2020-11-12"
"98",\N,"975.10","2021-12-03"
"99","12","11.40",\N
"100","70","905.69","2023-10-21"
"101",\N,"115.38","2023-03-13"
"102","76","264.62",\N
"103","31","665.54","2023-09-25"
"104",\N,"375.68","2020-07-22"
"105","20","439.60","2022-07-18"
"106","82","834.78","2022-04-22"
"107","17","62.31","2022-11-24"
"108","86","850.49",\N
"109","40","470.50","2021-07-10"
"110","82","159.87","2022-11-09"
"111","78","536.69","2020-10-08"
"112","74","263.09","2021-08-08"
"113","5","293.84",\N
"114","97","98.55","2020-12-08"
"115","45","458.22","2022-10-08"
"116","69",\N,\N
"117","39","77.40","2024-01-17"
"118","3","515.18","2022-06-30"
"119","92","898.10","2023-06-08"
"120","81","788.07","2022-12-14"
"121","58","359.47","2022-11-14"
"122","6","675.32","2021-07-12"
"123",\N,"909.23","2020-04-20"
"124","22",\N,"2020-03-28"
"125",\N,"849.22","2023-06-14"
"126","33","564.98","2023-06-02"
"127","73","306.42","2021-03-06"
"128","70","648.21","2020-03-13"
"129","9","148.84","2020-04-26"
"130","15","994.41","2022-07-14"
"131","77","49.72","2020-02-12"
"132","10","565.36","2023-08-10"
"133",\N,"870.88","2020-06-25"
"134","41","587.12","2022-03-09"
"135","84","985.34",\N
"136","12","904.34","2020-06-08"
"137","88","684.82",\N
"138","54","899.75","2021-01-08"
"139","63","727.29","2020-08-13"
"140","31","462.49","2020-02-20"
"141","48","738.75","2023-02-04"
"142","68","964.45","2021-03-05"
"143","76","849.84","2021-04-15"
"144","31","993.73","2020-07-09"
"145","47","700.42","2020-06-28"
"146","98","405.98","2023-12-07"
"147","55","767.53","2022-09-20"
"148","68","806.87","2021-03-01"
"149","13","843.67","2023-09-04"
"150","41","701.57","2022-09-11"
"151","16","113.45",\N
"152","59","947.83","2023-02-25"
"153","6","223.59","2022-12-01"
"154","49","904.45","2023-03-14"
"155","67","644.33",\N
"156","13","51.74","2023-07-11"
"157","84","189.25","2020-03-29"
"158","42","289.46","2023-04-10"
"159","54","977.03","2023-02-08"
"160","59","212.36","2023-05-06"
"161","57",\N,"2023-08-29"
"162","79",\N,"2021-11-29"
"163","33",\N,"2021-02-11"
"164","9","75.21","2022-11-28"
"165","79","467.41","2023-06-29"
"166","95","366.29","2021-09-28"
"167","77","758.41","2022-01-26"
"168","76","836.01","2020-04-22"
"169","91",\N,"2020-06-24"
"170","98",\N,"2023-05-18"
"171","5","549.15","2024-01-16"
"172","77","694.00","2021-03-12"
"173","29","817.66","2023-12-10"
"174","88","964.11","2021-11-12"
"175","96","142.88","2020-04-26"
"176","19","855.21","2022-04-28"
"177","6","987.53",\N
"178","13","5.78","2024-01-06"
"179","53","178.11","2022-09-13"
"180","90","47.71",\N
"181","35","448.22","2021-11-07"
"182","54","29.31","2023-03-14"
"183","54","232.24","2022-04-20"
"184","56","412.06","2023-08-10"
"185","98","637.69","2021-05-15"
"186","61","401.71","2020-12-11"
"187","77","397.42","2022-11-10"
"188","66","168.22","2021-04-03"
"189","30","783.79","2021-02-10"
"190","10","312.67","2020-06-16"
"191","31","813.67","2022-11-21"
"192",\N,\N,"2022-06-11"
"193","87","67.03","2022-01-12"
"194","80","723.71","2022-04-21"
"195","15","783.06","2022-03-14"
"196","14","738.95","2023-05-24"
"197","6","514.87","2021-05-12"
"198","67","660.50","2022-04-20"
"199","70","190.76","2021-06-19"
"200","7","46.89","2021-03-17"
"201","17","502.12","2020-03-14"
"202","41","288.51","2023-05-17"
"203","2","857.41","2020-09-14"
"204","55","811.04","2022-01-26"
"205","29","813.44","2023-10-12"
"206","17",\N,"2020-01-03"
"207","44","206.42","2020-02-11"
"208","67","351.73","2022-12-08"
"209","43","625.44","2020-04-06"
"210","60","642.01","2023-08-18"
"211","1","223.99","2020-09-15"
"212","27",\N,"2023-08-19"
"213","48","156.37","2022-09-06"
"214","100","54.67","2020-04-17"
"215","88","952.85",\N
"216","15",\N,"2023-12-08"
"217",\N,"747.77","2020-08-21"
"218","23","881.86","2022-12-26"
"219","89","183.22","2022-04-15"
"220","94","805.20","2023-07-10"
"221","6","257.20","2021-09-27"
"222","74","168.89","2022-05-28"
"223","61",\N,"2020-12-04"
"224","16","881.96","2021-07-20"
"225","25","172.77","2020-06-23"
"226","66","467.83","2023-12-10"
"227","3","881.00","2022-01-09"
"228","44","777.37","2023-08-13"
"229","74","964.47","2023-01-24"
"230","51","822.51","2020-06-11"
"231","66","522.06","2024-02-07"
"232","29","387.36","2023-05-03"
"233","95","604.94","2020-01-13"
"234","72","544.55","2023-09-03"
"235","10","741.49","2020-12-25"
"236","88","517.77","2023-11-10"
"237","20","196.74","2020-01-12"
"238","38","32.24","2021-01-08"
"239","45","156.65","2024-02-06"
"240","56","607.95","2022-03-11"
"241","67","861.39","2021-07-05"
"242","24","212.76","2023-09-11"
"243","18","230.41","2023-04-18"
"244","18","93.93","2020-11-16"
"245","22","82.75","2022-10-10"
"246",\N,"385.19","2020-06-08"
"247","56",\N,"2023-03-18"
"248","40","523.54","2021-07-04"
"249","27","717.89","2021-01-26"
"250","50","101.82","2021-11-17"
"251",\N,"830.07","2021-12-28"
"252",\N,"617.59","2021-07-05"
"253","44","889.24","2020-01-17"
"254","22","897.89","2020-09-05"
"255","7","733.14","2021-06-09"
"256",\N,\N,"2023-12-30"
"257","95","278.22","2023-01-21"
"258","64","359.07","2020-06-16"
"259","89","836.39","2023-10-04"
"260","86","964.23","2022-08-30"
"261","64","294.06","2023-06-17"
"262","36",\N,"2023-06-12"
"263","46","97.96",\N
"264","79","808.95","2021-04-03"
"265","54","376.05","2021-06-03"
"266","20",\N,"2020-07-28"
"267","20","425.12","2021-05-15"
"268","51",\N,"2021-03-05"
"269","6","438.66","2023-07-06"
"270","30","912.10","2022-10-08"
"271","61","431.91","2023-02-11"
"272","52","973.75","2023-07-15"
"273","60",\N,"2022-08-12"
"274","45","803.80","2020-12-12"
"275","16",\N,"2023-05-25"
"276","27",\N,"2023-01-05"
"277","24","865.78","2021-05-16"
"278","56","620.69","2023-02-11"
"279","82","712.54","2020-09-26"
"280","100","317.08","2020-03-25"
"281","23","715.74","2022-06-15"
"282","92","947.45","2023-04-07"
"283","58","753.74","2020-08-19"
"284","16","513.02","2021-07-11"
"285","45","135.85","2022-04-25"
"286","49","127.00","2020-03-24"
"287","92","881.59","2022-02-13"
"288","88","959.63","2021-07-04"
"289","34","154.74","2023-08-13"
"290","34","405.11","2022-11-15"
"291","65","998.77","2020-08-16"
"292","91","898.48","2023-08-28"
"293","83","653.18","2024-01-26"
"294","95","88.57","2020-08-18"
"295","13",\N,"2021-06-18"
"296","30","463.71","2020-07-04"
"297","18","240.84","2024-01-20"
"298","59",\N,"2022-04-15"
"299","42","939.47","2020-05-03"
"300","12","448.61","2021-12-28"
"301","18","974.79","2023-11-10"
"302","8","7.57","2021-11-07"
"303","51","445.26","2023-12-08"
"304",\N,"938.13","2022-11-13"
"305","82","283.44","2020-01-19"
"306","68","783.41","2023-03-12"
"307","73","864.34","2023-07-05"
"308","46","11.02","2020-05-10"
"309","56","840.84","2023-11-14"
"310",\N,"582.54","2023-03-08"
"311","49","171.44","2023-10-19"
"312","4",\N,"2020-12-05"
"313","60","251.94","2021-10-23"
"314","11","67.13","2021-04-12"
"315","33","318.45","2020-08-11"
"316","97","960.54","2022-05-22"
"317",\N,"929.02","2021-07-31"
"318","96","623.08","2021-02-10"
"319","54","791.84","2020-10-26"
"320","67","785.16","2023-12-09"
"321","16","387.72",\N
"322","62","596.57","2023-02-10"
"323","3","573.99","2022-12-17"
"324","54",\N,"2020-02-10"
"325","10","574.84","2020-04-01"
"326","99",\N,"2023-06-05"
"327","61","890.37",\N
"328","48","611.17","2021-07-13"
"329","59","841.38","2022-10-18"
"330","37","822.79","2021-05-25"
"331",\N,\N,"2020-03-04"
"332","29","58.74","2022-03-18"
"333","70","403.38","2021-08-06"
"334","77","37.08","2023-05-10"
"335","19","236.28","2023-03-29"
"336","87","392.89","2022-09-03"
"337","84","52.25","2021-11-13"
"338","18","175.23","2023-03-17"
"339","27","922.08","2020-09-18"
"340","2","803.20","2020-05-04"
"341","35","899.60","2023-11-16"
"342","84","334.25","2023-07-04"
"343","22","322.05","2020-11-29"
"344","33","85.02","2023-01-05"
"345","18","788.91","2021-07-26"
"346","16","446.71","2020-07-02"
"347","31","728.27","2020-04-22"
"348","88","966.03","2021-12-07"
"349","26","544.22","2020-04-22"
"350","53","356.21","2020-01-25"
"351","11",\N,"2023-06-25"
"352","96",\N,"2020-10-09"
"353","98","750.42","2022-02-20"
"354","15","25.89","2020-11-05"
"355","69","240.18","2021-06-22"
"356","66","296.75","2022-11-22"
"357","71",\N,"2021-07-20"
"358","78","361.60","2023-08-08"
"359","42","957.50","2021-12-10"
"360","37","700.72","2020-01-28"
"361","5","736.39","2022-04-24"
"362","8","328.62","2022-05-22"
"363","10","595.30","2021-10-26"
"364","7","227.00","2023-01-10"
"365","96","562.35","2020-04-09"
"366","20","160.16","2021-01-30"
"367","57","431.85","2020-05-10"
"368","77",\N,"2023-05-12"
"369","43","763.38","2022-09-05"
"370","53","123.82","2022-07-15"
"371","63","271.25","2022-04-04"
"372","1","71.28","2021-06-03"
"373","94","604.98","2020-05-31"
"374","49","208.33","2022-08-15"
"375","26","28.83","2021-03-06"
"376","20","84.54","2023-07-27"
"377","76","468.12","2020-07-06"
"378","17","37.02","2020-11-02"
"379","56",\N,"2021-01-22"
"380","27","730.57","2021-12-29"
"381","65","956.10","2021-05-06"
"382","62","797.24","2022-05-26"
"383","93","264.63","2022-12-28"
"384","46","145.13","2022-08-12"
"385","78","60.63","2020-08-10"
"386","28","961.47","2023-02-10"
"387","75","298.18","2024-01-07"
"388","91",\N,"2022-07-04"
"389","55","905.24","2021-02-13"
"390","4",\N,"2023-10-15"
"391","94","434.89","2023-07-14"
"392","44","492.64","2021-11-19"
"393","29","276.43","2022-11-03"
"394","65",\N,"2021-11-16"
"395","61",\N,"2023-07-31"
"396","17","370.30","2022-02-07"
"397","41","91.23","2020-05-06"
"398","78","986.16","2023-02-04"
"399","45","676.00","2023-06-09"
"400","82","12.75","2023-08-11"
"401","59","131.38","2021-02-04"
"402","89","461.07","2023-03-05"
"403","54","142.87","2023-10-29"
"404","42","523.80","2020-11-04"
"405","20","913.41","2022-05-05"
"406","63","645.61","2022-10-26"
"407","23","135.02","2022-02-24"
"408","74","197.64","2020-09-06"
"409","39","800.64","2023-02-06"
"410","14",\N,"2023-04-17"
"411","90","735.01","2023-11-04"
"412","17","648.53","2023-07-26"
"413","67","754.40","2021-07-23"
"414","43","642.76","2021-08-14"
"415","72","995.74","2022-01-22"
"416","58",\N,"2023-03-03"
"417","52","900.83","2021-11-07"
"418","46","670.32","2022-06-21"
"419","40","163.14","2022-02-03"
"420","23",\N,"2023-11-12"
"421","37","462.80","2022-02-02"
"422","51","961.57","2023-01-30"
"423","61","751.03","2023-05-14"
"424","82","59.11","2023-05-02"
"425","90","623.21","2023-05-18"
"426","1","780.32","2023-01-17"
"427","7","591.01","2022-08-02"
"428","65","680.34","2020-04-24"
"429","34","608.22","2022-05-09"
"430","42","804.31","2022-02-02"
"431","44",\N,"2022-07-14"
"432","65","689.25","2021-03-23"
"433","47","94.84","2022-08-23"
"434","38","374.79","2022-12-24"
"435","42","309.22","2020-08-30"
"436","30","74.32","2023-04-03"
"437","39","219.58","2022-10-31"
"438","14","301.39","2022-03-16"
"439","50","554.46","2020-05-10"
"440","67","874.26","2022-07-10"
"441","81","842.90","2023-01-03"
"442","34","720.55","2022-11-15"
"443","82","108.22",\N
"444","75","955.11","2021-11-29"
"445","26","656.72","2020-09-27"
"446","53","257.74","2020-11-19"
"447","78","851.19","2020-09-05"
"448","49","776.74","2021-07-05"
"449","100","658.35","2022-02-24"
"450","2","637.82","2023-12-01"
"451","39","653.34","2024-01-17"
"452","85","113.49","2022-05-29"
"453","12","939.08","2023-04-04"
"454","63","666.73","2020-04-22"
"455","43","474.09","2020-08-07"
"456","52","502.96","2023-09-17"
"457","65","154.16","2020-06-10"
"458","67","651.95","2021-09-02"
"459","88","876.70","2023-05-17"
"460",\N,"490.34","2024-01-14"
"461",\N,"216.79","2022-12-21"
"462","80","680.15","2022-12-24"
"463","68","218.97","2020-06-28"
"464","31","739.44","2021-03-16"
"465","92","835.34","2022-06-09"
"466","76","43.12","2020-01-09"
"467","73","686.80","2022-03-22"
"468","10","995.26","2020-02-10"
"469","56","270.13","2020-08-17"
"470","48","685.66","2023-01-06"
"471","79","262.58","2023-11-17"
"472","58",\N,"2021-05-08"
"473","84","921.04","2024-01-06"
"474","29","584.06","2022-04-01"
"475","16","973.35",\N
"476","57","711.04","2021-08-28"
"477","27","485.63","2023-04-18"
"478","88","438.49","2021-10-20"
"479","40","614.58","2020-05-18"
"480","23","464.14","2023-03-21"
"481","71","385.72","2023-12-17"
"482","85","392.83","2023-07-01"
"483",\N,"133.25","2020-08-25"
"484","82","1.93","2022-12-28"
"485","83","87.36","2021-01-09"
"486","97","999.81","2021-06-12"
"487","70",\N,"2021-03-03"
"488","12","578.75","2024-01-10"
"489","42","96.84","2020-05-12"
"490","82","605.87","2020-11-19"
"491","65","261.12","2020-09-29"
"492","11","380.30","2021-02-09"
"493","71","44.36","2021-11-20"
"494","34","257.42","2023-07-16"
"495","6","228.55","2023-08-08"
"496",\N,"907.06","2023-04-12"
"497","1","874.37","2022-05-27"
"498","26","505.70","2021-06-04"
"499",\N,\N,"2023-01-30"
"500","85","314.51","2021-06-29"
"501","9","300.13","2023-12-05"
"502","48","376.30","2023-09-02"
"503","60","224.68","2023-10-29"
"504","68","468.43","2023-05-03"
"505","22","837.25","2023-11-15"
"506","38","696.52","2023-06-01"
"507","54","749.39","2021-08-06"
"508","65","838.27","2020-05-02"
"509","1",\N,"2022-07-07"
"510","95","402.98","2020-09-13"
"511","62","173.04","2023-01-16"
"512","53","354.18",\N
"513","88","560.87","2023-03-09"
"514","69","52.67","2023-05-26"
"515","26","377.47","2023-08-20"
"516","43","46.56","2020-05-13"
"517","27","296.75","2020-12-02"
"518","60",\N,"2020-10-05"
"519","50","747.05","2023-01-04"
"520","21","333.67","2021-12-16"
"521","7","848.82","2022-05-30"
"522","51","397.73","2023-12-29"
"523","90","201.88","2023-04-24"
"524","50","210.42","2022-02-10"
"525","89","153.41","2023-12-17"
"526","94","173.25","2023-06-07"
"527","33","622.00","2023-09-22"
"528","64","926.55","2023-08-09"
"529","34","424.44","2020-04-14"
"530","51","55.51","2021-12-01"
"531","38","857.25","2023-11-16"
"532","22","631.83","2020-03-16"
"533","27","662.99","2020-09-17"
"534","34","729.80","2023-08-21"
"535","27","12.16","2023-07-28"
"536",\N,"83.91","2022-03-20"
"537","50","599.16","2023-09-19"
"538","81","95.03","2022-05-30"
"539","30","293.68","2023-11-09"
"540","21","388.17","2022-04-13"
"541","7","238.88","2023-11-27"
"542","93","959.84","2023-11-07"
"543","19","17.13","2022-10-27"
"544","91","969.73","2021-03-24"
"545","96",\N,"2023-09-11"
"546","61","373.05","2022-09-10"
"547","10",\N,"2021-08-04"
"548","4","166.09","2023-06-22"
"549","58","296.44","2021-11-29"
"550","18","123.59","2023-03-15"
"551",\N,"461.17","2022-11-15"
"552","15","514.55","2021-10-27"
"553","80","157.02","2023-04-25"
"554","93","315.78","2022-10-04"
"555","93","460.41","2021-11-14"
"556","51","561.77","2020-05-26"
"557","81","341.22","2021-02-13"
"558","13","860.12","2020-12-30"
"559","89","566.14","2023-05-14"
"560","48","679.49","2022-07-20"
"561","68","308.15","2023-01-25"
"562","42","158.15","2021-02-13"
"563","76","954.97","2021-04-23"
"564","47","969.13","2020-12-05"
"565","58","953.13","2023-09-17"
"566","59","45.48","2022-05-04"
"567","42","812.84","2022-10-20"
"568","65","139.52","2023-06-05"
"569","60","810.83","2020-03-07"
"570","54","837.34","2020-04-03"
"571","65","688.11","2021-02-12"
"572","99","300.74","2023-05-30"
"573","8","885.61","2020-09-30"
"574",\N,"463.90","2023-01-01"
"575","72",\N,"2020-09-25"
"576","1","570.76","2023-02-12"
"577","29","583.63","2022-02-24"
"578","71","639.72","2023-05-27"
"579","99","177.82",\N
"580","72","358.47","2021-09-06"
"581","57","5.50","2020-02-27"
"582","68","557.15","2021-12-12"
"583","100","694.41","2020-11-12"
"584","77","556.90","2023-01-04"
"585","92","844.44","2023-03-18"
"586","26","853.83","2023-09-20"
"587",\N,"481.23","2022-11-25"
"588",\N,"336.26","2020-01-11"
"589","11",\N,"2021-08-09"
"590","5","308.64","2021-12-09"
"591","20","397.39","2023-05-20"
"592","7","862.77","2023-03-30"
"593","24","449.00","2021-07-13"
"594","4","400.01","2020-12-30"
"595","2","152.57","2023-01-11"
"596","65","599.78","2022-06-16"
"597","97","5.18","2021-08-04"
"598","33","653.23","2022-01-21"
"599","64","589.87",\N
"600","24","78.74","2021-06-14"
"601","1","3.50","2024-01-07"
"602","56","820.91","2022-04-25"
"603",\N,"576.84","2023-11-24"
"604","84","298.90","2020-09-22"
"605","68","303.75","2022-09-18"
"606","83","718.24","2020-12-03"
"607","82","492.47","2020-01-08"
"608","67","616.04","2022-11-25"
"609","88","360.89","2023-11-06"
"610","56","86.41","2022-09-15"
"611","75","283.92","2022-09-16"
"612","99","742.00","2021-01-08"
"613","6","785.36","2021-10-15"
"614","21","952.76","2021-02-07"
"615","54","671.50","2024-01-08"
"616","56","809.64","2021-06-11"
"617","40","428.63","2022-03-29"
"618",\N,"475.15","2023-02-09"
"619","11","148.26","2023-08-25"
"620","55","445.34","2022-02-11"
"621","78","40.78","2023-05-21"
"622","30","112.32","2022-02-11"
"623","78","83.54","2022-07-11"
"624","94","229.22","2023-11-11"
"625","81","756.28","2020-08-29"
"626","25","273.11","2023-11-30"
"627","66","832.48","2023-11-07"
"628","33","806.29","2021-06-23"
"629","59","843.46","2023-03-09"
"630","15","817.91","2020-11-17"
"631","72","590.21","2023-04-29"
"632","8","188.01","2023-08-01"
"633","88","840.19","2020-03-28"
"634","55","770.00","2023-02-05"
"635","41","923.72","2023-09-06"
"636","73","625.10","2021-08-08"
"637","79","460.41",\N
"638","26","802.74","2023-11-19"
"639","75","604.73","2023-04-20"
"640","83","387.83","2023-12-26"
"641","96","333.62","2023-03-15"
"642","82","446.30","2020-08-19"
"643","92","978.41","2021-06-29"
"644","11","632.57","2020-06-24"
"645","54","44.17","2020-03-25"
"646","67",\N,"2023-03-22"
"647","58","916.92","2020-11-28"
"648","97",\N,"2022-01-27"
"649","21","314.96","2020-08-19"
"650","10","486.88","2021-06-26"
"651","50","119.17","2023-05-19"
"652","57","339.77","2021-07-01"
"653","88","314.12","2020-06-08"
"654","20","724.08","2020-01-21"
"655","75",\N,\N
"656","48","922.29","2021-01-24"
"657","63","611.01","2023-11-26"
"658","57","144.37","2022-10-08"
"659","52","766.21","2023-09-09"
"660","17","129.93","2023-11-20"
"661","82","946.27","2022-09-07"
"662","91","302.14","2022-06-19"
"663","69","567.66","2022-08-21"
"664","10","93.33","2023-08-19"
"665","97",\N,"2023-10-14"
"666","93","361.31","2022-01-20"
"667","26",\N,"2021-06-09"
"668","61","404.29","2020-11-06"
"669","29","641.84","2022-06-01"
"670","41","381.31","2022-07-01"
"671","13","905.51","2020-04-26"
"672","33","417.11","2020-02-13"
"673","80","836.69","2023-01-24"
"674","65","567.28","2023-12-11"
"675","14","2.00","2023-03-24"
"676","91","134.95","2021-09-14"
"677","67","958.94","2020-11-07"
"678","32",\N,"2021-08-15"
"679","47","331.64","2020-05-17"
"680","76","545.18","2022-04-07"
"681","58","922.91","2021-07-21"
"682",\N,"400.65","2022-05-22"
"683","45","167.28","2020-10-25"
"684","28",\N,"2021-06-12"
"685","7","64.32","2022-08-13"
"686","52","126.30","2023-01-01"
"687","75","616.54","2024-01-26"
"688","29","470.73","2021-08-07"
"689","18",\N,"2022-10-11"
"690","34","262.65","2024-01-13"
"691",\N,"343.81","2020-05-17"
"692","65","514.05","2023-10-14"
"693","89","516.07","2023-06-17"
"694","36","223.83","2020-02-14"
"695","55","181.18","2022-01-09"
"696","74","575.80",\N
"697","50","324.05","2022-12-08"
"698","67",\N,"2020-07-12"
"699","98","417.27","2020-07-11"
"700","69","927.95","2021-10-10"
"701","87","604.65","2022-10-07"
"702","36","657.86","2021-04-20"
"703","10","990.41","2023-11-19"
"704","6","542.20","2023-04-18"
"705","37","774.11","2021-08-13"
"706","52","271.91","2022-02-13"
"707","37",\N,"2023-12-20"
"708","79","236.65","2021-09-26"
"709","92","504.13","2021-07-20"
"710","64","715.22","2023-06-30"
"711","74","295.36","2020-01-03"
"712","37",\N,"2023-04-12"
"713","5","714.62","2020-08-13"
"714","43","734.99","2020-07-19"
"715","93",\N,"2021-10-11"
"716","14","619.18","2022-05-06"
"717","29",\N,"2024-01-12"
"718","57","970.11",\N
"719","44","883.00","2023-07-01"
"720","24","726.18","2022-12-13"
"721","11","618.82","2023-03-02"
"722","9","619.05","2020-02-05"
"723","88","388.77","2022-02-24"
"724","46","840.56","2023-10-10"
"725","90","773.54","2022-07-23"
"726","88","103.01","2020-03-02"
"727","86","806.52",\N
"728","27","812.94","2020-05-24"
"729","52","929.90","2020-02-10"
"730",\N,"592.97","2023-07-10"
"731","96","455.28","2020-03-03"
"732","71","930.85","2021-07-26"
"733","88","257.16","2024-01-07"
"734","28","358.60","2021-07-05"
"735","77","211.05","2020-07-14"
"736","59","878.06","2021-11-01"
"737","60",\N,"2021-12-26"
"738","2","915.13","2021-01-25"
"739","71","99.38","2022-02-21"
"740","2","516.65","2022-12-12"
"741",\N,"832.24","2022-05-03"
"742","33",\N,"2021-01-31"
"743","97","961.58","2022-05-23"
"744","41","448.74","2023-08-20"
"745","78","706.75","2021-12-20"
"746","75","881.97","2020-02-19"
"747","69","764.65","2021-05-27"
"748","62","533.25",\N
"749","3","46.61","2022-09-24"
"750","22","171.22","2021-03-01"
"751","85","593.21","2022-07-22"
"752","49","697.05","2023-06-12"
"753","67",\N,"2021-01-17"
"754","77","222.05","2021-05-27"
"755","50","271.13","2022-12-23"
"756","33","745.43","2020-10-18"
"757","98","849.54","2021-05-13"
"758","68","748.59","2020-10-09"
"759","84","251.79","2020-12-11"
"760","12","120.43","2021-01-06"
"761","63","679.90","2021-02-17"
"762","13","850.73","2020-03-28"
"763","46","61.49","2020-05-31"
"764","37","56.65","2023-03-10"
"765","25","683.01","2023-02-19"
"766","37","74.56","2020-07-06"
"767","71","255.51","2022-02-13"
"768","52","94.16","2020-09-18"
"769","47","276.38","2020-04-01"
"770","68","243.96","2022-05-12"
"771","74","703.76","2023-04-10"
"772","81","204.07","2022-06-09"
"773","44","991.82","2023-09-08"
"774","13","325.35",\N
"775",\N,"896.31","2022-08-16"
"776","8","759.83","2022-12-15"
"777","84","460.62","2020-10-29"
"778","69","186.85","2021-08-10"
"779","77","983.21","2023-04-26"
"780","51","248.23","2020-11-06"
"781","71","532.26","2023-02-23"
"782","78","768.38","2022-09-04"
"783","48","108.99","2023-05-12"
"784","58",\N,"2021-07-02"
"785","57","433.79","2020-08-29"
"786","16","543.37","2023-09-20"
"787","33","987.50","2023-07-04"
"788","33","528.63","2020-06-03"
"789","20","810.12","2022-07-23"
"790","55","675.35","2023-12-14"
"791","21","178.12","2022-04-29"
"792","17","997.05","2021-12-16"
"793","10","441.42","2022-04-27"
"794","77","416.00","2020-02-22"
"795","92","147.59","2022-03-10"
"796","80","328.68",\N
"797","37","782.45","2022-06-14"
"798","31","353.14",\N
"799","96","987.41","2020-10-15"
"800","77","806.01","2021-10-05"
"801","90","98.65","2023-06-16"
"802","11","449.39","2022-05-18"
"803","96","913.19","2023-02-22"
"804","34","468.87","2023-09-04"
"805","78","761.23","2021-10-31"
"806","64","977.87","2023-09-07"
"807","25","613.90","2021-10-26"
"808",\N,"321.81","2022-12-14"
"809","78","172.46","2021-05-23"
"810","89","831.70","2023-04-23"
"811","82","273.42","2023-06-17"
"812",\N,"685.92","2023-09-12"
"813","94","644.73","2023-06-18"
"814","22","413.45","2023-12-13"
"815","55","766.50","2022-07-30"
"816","3","822.78","2021-09-06"
"817","39","584.60","2022-09-20"
"818","32","94.80","2023-11-01"
"819","89","414.86","2023-10-06"
"820","68","601.29","2021-05-22"
"821","3","335.79","2020-10-25"
"822","76","568.98","2020-01-14"
"823","6","969.86","2023-10-24"
"824","91","929.37","2021-12-07"
"825","58","763.52","2021-03-20"
"826","77","775.66","2023-09-05"
"827","5","729.39","2021-12-25"
"828","61","227.03","2023-06-01"
"829","77","10.20","2021-05-04"
"830","12","202.12","2023-05-24"
"831","88","226.22","2021-09-01"
"832","68","244.57","2022-03-16"
"833","100","104.32","2020-01-20"
"834","31","716.29","2023-06-24"
"835","65","541.48","2022-03-02"
"836","15","34.87","2021-06-01"
"837","25","519.87","2022-10-26"
"838","37","670.64","2022-01-18"
"839","45","888.69","2023-10-07"
"840","43","756.05","2022-05-08"
"841","7","65.57","2022-10-03"
"842",\N,"689.03","2023-03-20"
"843",\N,"389.81","2021-06-07"
"844",\N,"531.56","2023-03-22"
"845","13","289.40","2021-07-31"
"846","71","6.47","2023-01-18"
"847","5",\N,"2021-11-08"
"848","14","522.48","2022-11-19"
"849","64","811.16","2022-09-26"
"850","36","756.46","2020-09-19"
"851","52","169.44","2022-06-25"
"852","96","794.89","2021-11-28"
"853","69","837.63","2023-01-22"
"854","63","118.01","2022-08-18"
"855","11","251.93","2023-06-01"
"856","54","748.77","2021-07-21"
"857","45","22.99","2021-10-31"
"858","27","70.53","2023-10-29"
"859","7","821.80","2020-03-05"
"860","43","707.03","2022-06-16"
"861","1","726.78","2023-02-07"
"862",\N,"36.15","2022-03-13"
"863","84","39.35","2020-12-24"
"864","19","336.91","2023-01-29"
"865","22","341.95","2022-04-19"
"866",\N,"617.92","2021-05-06"
"867","67","663.66","2022-08-10"
"868","10","105.30","2020-07-25"
"869",\N,"288.93","2021-06-01"
"870","96","23.77","2023-07-20"
"871","21","203.91","2024-01-20"
"872","93","672.17","2021-11-12"
"873","58","918.64","2020-12-27"
"874",\N,"522.82","2023-08-10"
"875","99","739.38","2020-11-21"
"876","48","995.72","2022-10-15"
"877","95","850.37","2022-08-29"
"878","66","585.56","2021-01-02"
"879","39","44.82","2021-09-19"
"880","55","526.40","2020-07-10"
"881","69","887.95","2022-11-10"
"882","24","181.09","2021-05-17"
"883","74","898.57","2021-12-25"
"884","9","317.64","2021-01-05"
"885","84","659.40","2020-01-08"
"886","17","20.71","2023-11-12"
"887","70","701.62","2020-05-18"
"888","44","412.23",\N
"889","55","66.48","2021-06-14"
"890","12","69.07","2021-01-04"
"891","6","874.74","2020-06-03"
"892","9","745.87","2021-07-21"
"893","48","623.73","2022-05-11"
"894","30","452.26","2023-10-28"
"895","62",\N,"2022-09-07"
"896","5","34.46","2020-11-24"
"897","86","251.82","2020-05-29"
"898","63","951.31","2021-11-26"
"899","25","432.56","2020-02-27"
"900","84",\N,"2022-09-18"
"901","48","18.99","2020-06-20"
"902","100","901.27","2020-08-25"
"903","90","630.92","2023-09-24"
"904","58","772.64","2022-01-13"
"905","46","246.07","2022-04-08"
"906","28","275.93","2023-02-11"
"907","93","682.39","2022-10-06"
"908","66","300.25","2023-06-29"
"909",\N,"258.10","2023-09-10"
"910","77","416.65","2020-03-05"
"911","7","926.81","2024-01-19"
"912","41","807.86","2022-11-27"
"913","18","42.82","2020-10-21"
"914","35","827.82",\N
"915","97",\N,"2020-07-19"
"916","27","818.86","2020-09-27"
"917","7","552.66","2023-11-14"
"918","94",\N,"2020-11-30"
"919","15","656.68","2020-11-20"
"920","21","901.37","2021-03-30"
"921","64","406.99","2024-01-19"
"922","9","658.42","2023-03-18"
"923","94","638.71","2023-02-18"
"924","75","259.04","2020-12-13"
"925","7","241.96","2023-12-24"
"926","23","625.22","2023-05-17"
"927","99","229.51","2022-03-20"
"928","19","660.60","2023-08-21"
"929","89","835.78","2023-10-09"
"930","93",\N,"2021-08-06"
"931","29","3.94","2021-12-02"
"932","85","936.15","2020-07-27"
"933","23","944.61","2023-12-09"
"934","72",\N,\N
"935",\N,\N,"2021-12-20"
"936",\N,"719.18","2021-03-13"
"937","8","708.26","2023-05-22"
"938","31","306.05","2020-05-30"
"939","15","901.62","2023-04-19"
"940","15","560.45",\N
"941","64","977.78","2023-09-07"
"942","24",\N,"2021-03-02"
"943","5","333.96","2023-10-13"
"944","50","198.38","2021-02-14"
"945",\N,"941.59","2021-11-22"
"946","29","317.71","2021-10-31"
"947","62","763.43","2023-10-19"
"948","71","122.66","2023-12-10"
"949","14","852.06","2020-01-15"
"950","52","744.42","2021-12-30"
"951",\N,"716.96","2022-07-13"
"952","26","364.09","2022-06-05"
"953","96","872.21","2023-12-01"
"954","28","642.50","2023-01-01"
"955","11","434.45","2021-03-27"
"956","81","657.79","2020-11-24"
"957","25","623.76","2022-10-09"
"958","21","820.75","2023-01-30"
"959","88","778.85","2023-12-21"
"960","37","257.91","2022-06-22"
"961","13",\N,"2021-12-04"
"962","37","762.64","2020-09-30"
"963",\N,"915.28","2020-07-05"
"964","13","191.82","2022-04-06"
"965","74","55.75","2021-09-24"
"966","52","981.57","2020-01-27"
"967","51","403.69","2020-07-28"
"968","3","245.19","2021-09-20"
"969","76","655.74","2022-07-25"
"970","96","617.80","2020-05-29"
"971","34","497.61","2021-09-29"
"972","60",\N,"2020-05-07"
"973","22","398.59","2022-06-18"
"974","81",\N,"2022-04-06"
"975","79","24.04","2021-06-21"
"976","60","121.50","2023-10-30"
"977","63","510.90","2020-04-12"
"978","70","611.93","2021-06-27"
"979","38","877.00","2021-02-27"
"980","47","372.27","2023-07-01"
"981","83","60.13","2022-11-07"
"982","66",\N,"2023-09-25"
"983","97",\N,"2020-06-27"
"984","100","765.00","2022-07-07"
"985","75","680.87","2020-11-17"
"986","95","117.92","2022-11-01"
"987","7","938.03","2021-02-18"
"988","81","780.87","2022-06-27"
"989","48",\N,"2024-01-21"
"990","72","662.95","2020-09-21"
"991","39","670.46","2021-03-28"
"992","70","471.41","2022-12-03"
"993","28","780.74","2021-07-22"
"994","18","911.48","2023-01-21"
"995","94","73.13","2023-12-28"
"996","81",\N,"2020-07-30"
"997","56","327.17","2020-10-23"
"998","82",\N,"2022-07-20"
"999","44","699.54","2021-07-02"
"1000","66",\N,"2021-06-08"
"1001","60","246.73",\N
"1002","44","205.25","2024-01-20"
"1003","91","235.66","2021-07-08"
"1004","91","876.20","2022-01-17"
"1005","59","548.10","2020-10-09"
"1006",\N,"90.56","2021-06-04"
"1007","78","606.43","2022-03-29"
"1008","92","391.32","2020-12-24"
"1009","3",\N,"2024-01-08"
"1010","8","694.60","2021-12-26"
"1011","94","495.28","2023-12-04"
"1012","70","684.62","2022-12-08"
"1013","42","537.61","2021-10-20"
"1014","51","592.32","2023-01-05"
"1015","61","975.79","2020-03-23"
"1016","27","576.34","2022-03-31"
"1017","22","87.58","2023-02-18"
"1018","72","635.68","2022-10-19"
"1019","23","190.73",\N
"1020","79","721.17","2022-06-23"
"1021","97","983.93","2023-12-30"
"1022","64","289.90","2023-04-16"
"1023","62","440.94","2023-07-12"
"1024","35","859.89","2020-11-21"
"1025","39","397.46","2020-04-13"
"1026","74","413.58","2020-11-09"
"1027","25","809.15","2020-08-17"
"1028","62","394.96",\N
"1029","58","774.64","2022-02-14"
"1030","86","525.89","2021-05-07"
"1031","51","605.26","2023-12-28"
"1032","2","573.19","2023-01-13"
"1033","89","217.60","2020-08-02"
"1034",\N,"662.22",\N
"1035","13","900.76","2020-01-15"
"1036","8","314.05","2021-04-01"
"1037","96","320.85","2022-03-25"
"1038",\N,"90.09","2022-07-14"
"1039","92","803.04","2020-02-24"
"1040","46","404.00","2022-03-22"
"1041","65","341.17","2022-11-13"
"1042","21","550.63","2022-08-24"
"1043",\N,"283.86","2020-01-10"
"1044","57","734.86",\N
"1045","22","13.88","2021-04-18"
"1046","88","845.92","2020-09-07"
"1047","56","62.46","2020-10-01"
"1048","92","712.53","2021-04-18"
"1049","59","196.64","2022-02-02"
"1050","90","451.59","2022-02-08"
"1051","69","449.26","2021-06-02"
"1052","53","778.03","2020-05-28"
"1053","89","842.10","2020-04-19"
"1054","82","763.27","2020-10-22"
"1055","88","809.34","2022-02-23"
"1056","66","655.88","2022-06-28"
"1057","62",\N,"2023-08-26"
"1058","87","435.59","2022-01-04"
"1059","38","801.81","2023-05-15"
"1060","38","730.53","2022-02-03"
"1061","11","419.98","2020-02-14"
"1062","79","655.07","2021-07-20"
"1063","29","925.64","2020-04-07"
"1064","91","559.02","2022-01-21"
"1065","49",\N,"2022-08-19"
"1066","79","228.57","2020-12-23"
"1067","48","879.82","2021-10-23"
"1068","46",\N,"2022-01-01"
"1069","14","139.88","2021-11-19"
"1070","46","557.14",\N
"1071","28","888.31","2021-10-22"
"1072","38","204.72","2022-01-09"
"1073","53",\N,"2022-09-30"
"1074","49","115.02","2023-07-11"
"1075","28","582.44","2022-04-06"
"1076","23","317.71","2020-01-17"
"1077","36","599.48","2020-11-20"
"1078","72","697.38","2023-03-25"
"1079","67","530.84","2020-06-19"
"1080","39","336.63","2023-09-24"
"1081","24","253.93","2022-12-24"
"1082","51","11.61","2022-11-16"
"1083","21","581.71","2020-11-13"
"1084","79","91.38","2022-08-06"
"1085","19","845.77","2021-08-16"
"1086","91",\N,"2020-03-29"
"1087","45","920.05","2021-12-17"
"1088","80","858.94","2020-07-27"
"1089","92","97.42","2022-08-07"
"1090","15","83.75","2021-02-16"
"1091","48","470.40","2022-11-16"
"1092","8","132.61",\N
"1093","6","568.35","2021-05-06"
"1094","12","156.21","2023-12-27"
"1095","4",\N,"2023-07-05"
"1096","7","450.94","2020-02-11"
"1097","48","715.90","2021-06-15"
"1098","30","377.29","2022-03-07"
"1099","70","376.13","2023-10-05"
"1100","1","907.63","2020-09-20"
"1101","17","644.00","2022-11-28"
"1102","66",\N,"2022-06-18"
"1103","21","494.24","2022-03-30"
"1104","94","789.63","2022-07-12"
"1105","60","686.21","2022-12-15"
"1106","51","64.91","2022-12-04"
"1107","96","693.61","2022-06-22"
"1108","20","302.32","2024-01-12"
"1109","94","853.71","2023-06-16"
"1110","31","270.57","2021-07-12"
"1111","64","700.23","2022-06-14"
"1112","5","439.29","2023-12-12"
"1113","32","249.09","2023-11-07"
"1114","58","464.79","2022-09-26"
"1115","48","980.97","2021-08-03"
"1116","53","416.81","2020-12-12"
"1117","64","949.50","2021-05-30"
"1118","99","660.25","2022-09-18"
"1119","62","762.22","2023-11-03"
"1120","91","719.14","2022-04-02"
"1121","95","988.41","2021-03-11"
"1122","63","221.56","2022-06-23"
"1123","47","448.77","2021-04-27"
"1124","7","381.99","2022-09-08"
"1125","100","949.20","2020-06-17"
"1126","59","132.94","2021-01-07"
"1127","53","675.97",\N
"1128","64","805.22","2022-04-14"
"1129","33","197.46","2023-05-02"
"1130",\N,"200.64","2022-09-11"
"1131","67","804.24","2021-01-22"
"1132","68","436.85","2021-01-16"
"1133","91","937.00","2022-08-20"
"1134","77","747.48","2021-04-27"
"1135","39","409.89","2021-05-06"
"1136","54","261.26","2020-07-10"
"1137","7","151.03","2021-01-17"
"1138","49","949.67","2022-09-23"
"1139","8","508.05","2023-11-22"
"1140","44","800.78","2021-02-05"
"1141","89","382.23","2021-04-06"
"1142","41","883.28","2020-08-25"
"1143","6","633.13","2022-03-04"
"1144","36","941.52","2022-12-06"
"1145",\N,"316.53","2022-06-10"
"1146",\N,"88.82","2021-02-18"
"1147","46","138.93","2022-04-09"
"1148","26","895.08","2022-11-14"
"1149","23","899.79","2020-06-16"
"1150","3","539.91","2024-02-07"
"1151",\N,"534.39","2023-11-12"
"1152","8",\N,"2022-02-13"
"1153","57","55.71","2024-01-21"
"1154","27","172.36","2023-08-08"
"1155","12","206.33","2023-10-21"
"1156","74","695.51","2022-05-03"
"1157","55","287.36","2022-03-06"
"1158","50","547.21","2024-01-13"
"1159","74","121.46","2022-11-08"
"1160",\N,"438.81","2024-01-16"
"1161","75","379.44","2021-11-29"
"1162","44","17.17","2021-10-19"
"1163","18","329.81","2022-12-09"
"1164","63","438.69","2022-11-29"
"1165","52","489.82",\N
"1166","10","671.43","2023-08-11"
"1167","67","673.31","2023-05-31"
"1168",\N,"513.15","2021-06-08"
"1169","3","328.75","2020-02-01"
"1170","44","167.12","2020-11-21"
"1171","63","879.80","2020-06-14"
"1172","18","401.16","2020-01-22"
"1173","66","364.33",\N
"1174",\N,"822.73","2022-05-25"
"1175","69","762.86","2021-05-08"
"1176","39","335.31","2023-10-04"
"1177","37","735.51","2022-10-06"
"1178","17","119.82",\N
"1179","78","582.31","2020-03-07"
"1180","61","108.32","2022-06-28"
"1181","55","889.81","2020-01-09"
"1182","10","749.48","2021-08-05"
"1183","64","511.65","2020-02-21"
"1184","5","547.81","2020-01-05"
"1185","13","389.86","2021-01-28"
"1186","48","718.88","2021-06-19"
"1187","32","798.78","2021-05-07"
"1188","6","22.45","2023-12-15"
"1189","10","140.70",\N
"1190","95","455.27","2020-09-23"
"1191","29","781.45","2021-03-22"
"1192","63",\N,"2023-12-29"
"1193","34","596.75","2021-05-10"
"1194","91","223.90","2020-06-11"
"1195","5","857.10","2023-08-28"
"1196","21","928.66","2023-03-10"
"1197","40","441.52","2023-07-29"
"1198",\N,"723.80","2021-10-10"
"1199","71","460.16","2021-09-19"
"1200",\N,"984.47","2022-06-18"
"1201","54","785.35","2020-05-26"
"1202","80","137.42","2022-01-15"
"1203","22","560.36","2023-01-07"
"1204",\N,"531.41","2023-07-27"
"1205","74","133.42","2023-10-17"
"1206","35","304.82","2022-09-12"
"1207","74",\N,"2022-01-19"
"1208","84","438.53","2023-03-21"
"1209","95","971.39","2023-10-07"
"1210","69","776.51","2022-05-20"
"1211","5","581.88","2022-10-07"
"1212","56","522.43","2023-10-02"
"1213","66","183.51",\N
"1214","96","910.76","2022-10-20"
"1215","78","539.22","2021-03-11"
"1216","67","955.97","2020-11-11"
"1217","39","490.77","2023-05-27"
"1218","32","540.36","2021-10-04"
"1219","28","378.96","2022-12-17"
"1220","29","980.61","2020-03-02"
"1221",\N,"710.78","2021-07-12"
"1222","68","557.26","2021-12-10"
"1223","98","187.42","2023-05-21"
"1224","98","125.80","2022-06-27"
"1225",\N,"770.58","2021-03-11"
"1226","59",\N,"2020-07-27"
"1227","29","112.39","2022-06-11"
"1228","30",\N,"2020-03-17"
"1229","78","331.85","2021-03-25"
"1230","72","852.09","2023-03-01"
"1231","97","453.01","2023-09-09"
"1232","99","647.41","2021-10-05"
"1233","33","222.95","2021-06-16"
"1234","75","909.10","2022-06-05"
"1235","6","632.81","2022-05-07"
"1236","17","67.60","2023-02-16"
"1237","87",\N,"2020-07-11"
"1238","97","149.56","2020-09-12"
"1239","90","469.26","2023-07-15"
"1240","14","877.30",\N
"1241","9","546.74","2022-06-30"
"1242","63","396.75","2023-10-08"
"1243","87","209.58","2020-09-28"
"1244","55","773.28",\N
"1245","78","647.63","2021-03-15"
"1246","75","475.73","2021-06-13"
"1247","43",\N,"2020-12-25"
"1248","32","794.91","2021-03-02"
"1249","25","48.92","2023-01-27"
"1250",\N,"862.54","2021-06-14"
"1251","96","905.16","2022-08-04"
"1252","85","326.03","2022-07-08"
"1253","72","116.27",\N
"1254","70","960.04","2020-01-26"
"1255","69","934.90","2022-04-23"
"1256","27","989.72","2021-09-11"
"1257","95","205.78","2021-09-20"
"1258","12","382.90","2021-01-15"
"1259","38","839.55","2022-05-15"
"1260","42","648.40","2022-06-24"
"1261","64","687.21","2021-04-17"
"1262","81","383.22","2020-04-18"
"1263",\N,"536.21","2023-11-02"
"1264","93","184.80","2020-09-23"
"1265","71","842.63","2022-08-24"
"1266","66","642.01","2021-04-04"
"1267","4","936.17","2021-11-21"
"1268","32","892.99","2020-06-11"
"1269","3","474.15",\N
"1270","85","701.29","2022-11-17"
"1271","2","904.32","2020-04-30"
"1272","39","590.59","2023-02-10"
"1273","8","635.80","2021-08-11"
"1274","73","276.04","2022-11-24"
"1275","93","270.52","2023-04-02"
"1276","62","500.89","2020-01-14"
"1277","66","433.87","2021-04-19"
"1278","11","196.98","2023-03-06"
"1279","94","760.96","2020-04-01"
"1280","32","448.43","2022-10-14"
"1281","85","994.71","2021-02-15"
"1282",\N,"262.60","2023-06-04"
"1283","49","654.36","2020-05-20"
"1284","90","127.38","2021-07-25"
"1285","10","355.31","2023-09-19"
"1286","1","911.07","2021-02-27"
"1287","17","662.18","2020-04-04"
"1288","25","47.09","2022-11-27"
"1289","3","117.03","2024-01-28"
"1290","81","327.52","2024-01-31"
"1291","96","105.89","2021-11-18"
"1292","76","229.65","2022-04-25"
"1293","65","182.63","2022-09-23"
"1294","98","569.00","2020-02-08"
"1295","37","740.37","2023-02-20"
"1296","87","555.78","2023-03-06"
"1297","70","285.55","2020-08-12"
"1298","28","926.38","2020-06-02"
"1299","61","623.21","2021-07-12"
"1300","47","555.03","2021-05-04"
"1301","21","879.74","2023-09-24"
"1302",\N,"638.91","2020-02-19"
"1303","89","425.67","2020-09-05"
"1304","32","561.75","2023-04-23"
"1305","26","541.86","2020-02-07"
"1306","60","148.24","2021-10-05"
"1307","82","688.97","2022-12-22"
"1308","57","140.16","2022-07-10"
"1309","41","203.73","2020-11-09"
"1310","14",\N,"2021-03-30"
"1311","63","130.72","2023-07-25"
"1312","32","121.02","2022-01-04"
"1313","22","716.37","2022-09-12"
"1314","5","873.46","2020-11-28"
"1315","36","727.76","2022-08-21"
"1316","66","608.33","2022-11-01"
"1317","64","906.68",\N
"1318","31","516.07","2020-01-25"
"1319","67","422.44","2020-04-19"
"1320","60",\N,"2022-06-15"
"1321","77","175.71","2021-10-26"
"1322","84","853.17","2022-11-27"
"1323","77","141.66","2023-05-13"
"1324","29","995.93","2021-07-25"
"1325","29","910.27","2023-02-21"
"1326","34","539.88","2020-11-19"
"1327","24","485.10","2020-07-01"
"1328","95","859.05","2023-05-11"
"1329","81","865.15","2020-12-06"
"1330","53","989.41","2020-03-10"
"1331","98","83.56","2023-05-22"
"1332","92","19.46","2020-06-10"
"1333",\N,"235.49","2020-07-08"
"1334","29","235.20","2023-10-17"
"1335","44","891.34","2020-03-15"
"1336",\N,"553.49",\N
"1337","95","797.75","2022-10-16"
"1338","73","716.30",\N
"1339","17","817.44","2020-01-30"
"1340","3","245.39","2021-11-22"
"1341","56","320.22","2020-07-06"
"1342","50","203.29","2021-10-28"
"1343","62","650.35","2023-06-11"
"1344","8","927.39","2023-10-15"
"1345","18","98.81","2021-02-04"
"1346","18","995.71","2021-04-09"
"1347","93","756.37","2020-04-01"
"1348","35",\N,"2021-02-25"
"1349","14","39.74","2022-03-17"
"1350","86","460.27","2020-02-06"
"1351","33","885.10","2023-10-19"
"1352","62","340.25","2023-11-08"
"1353","77","16.34","2021-11-23"
"1354","63","638.43","2022-03-28"
"1355","61","595.31","2023-07-20"
"1356","7","417.22","2021-06-25"
"1357",\N,"408.01","2021-09-15"
"1358","23","490.37","2021-04-15"
"1359","55","443.77","2022-05-04"
"1360","84","701.97","2023-06-12"
"1361","62","207.58","2021-07-16"
"1362","27","564.50",\N
"1363","88","537.65","2021-04-17"
"1364","15","881.95","2021-12-07"
"1365","1","914.87","2021-04-10"
"1366","67","800.25","2020-12-25"
"1367","35","476.87","2023-10-10"
"1368","17","844.89","2022-05-17"
"1369",\N,"839.97","2023-01-29"
"1370","68","160.56","2023-11-07"
"1371",\N,"744.35","2023-05-02"
"1372","72","311.07","2021-11-24"
"1373","98","432.67","2021-09-13"
"1374","99","955.77",\N
"1375","44","932.60","2023-05-03"
"1376","5","502.32","2020-08-25"
"1377","49","843.82","2022-08-21"
"1378","61","707.21","2024-02-03"
"1379","57","809.91","2021-02-28"
"1380","9","129.51","2022-09-26"
"1381","50","443.09","2023-11-20"
"1382","100","407.06","2023-02-27"
"1383","96","169.38",\N
"1384","15","506.73","2021-04-05"
"1385",\N,"272.93","2023-05-21"
"1386","22","575.64","2020-03-07"
"1387","66","71.96","2021-11-22"
"1388","12","995.96","2023-09-22"
"1389","27","935.88","2021-07-04"
"1390","55","39.64","2023-07-07"
"1391","90","310.85","2023-06-27"
"1392","34","765.15","2022-01-23"
"1393","67","59.21","2020-09-04"
"1394","61","931.26","2021-03-05"
"1395","7","612.14","2020-04-09"
"1396","76","737.77","2020-12-06"
"1397","67","634.35","2020-03-14"
"1398","23","765.32","2022-04-03"
"1399","54","264.13","2020-10-05"
"1400","16","227.06","2023-11-12"
"1401","84","387.07","2023-06-19"
"1402","55","799.59","2021-02-07"
"1403","92","35.03","2021-08-17"
"1404","21","415.72","2020-01-21"
"1405","52","642.12","2022-05-13"
"1406","16","827.09","2021-03-10"
"1407","7","633.64","2021-11-06"
"1408","85","97.66","2020-11-05"
"1409","4","858.69","2024-01-05"
"1410","84","66.45","2023-01-30"
"1411","66","712.40","2022-08-05"
"1412","59","449.36","2021-01-31"
"1413","99","306.08","2023-12-16"
"1414","56","796.41","2020-09-17"
"1415","13","857.49","2020-08-08"
"1416","8","49.91","2021-03-24"
"1417","23","614.95","2022-08-26"
"1418","74","110.27","2022-01-21"
"1419",\N,"615.25","2022-08-12"
"1420","56","799.63","2020-11-05"
"1421","73","910.22","2023-03-04"
"1422","49","316.18","2022-07-13"
"1423","87","935.57","2023-12-22"
"1424","97","619.02","2020-04-29"
"1425","95",\N,"2020-09-29"
"1426","30","58.28","2021-09-08"
"1427","29","805.87","2022-11-20"
"1428","11","580.28","2020-07-03"
"1429","11","963.33",\N
"1430","50","943.28","2022-01-25"
"1431","9","24.56","2022-12-28"
"1432","62","174.42","2023-02-11"
"1433","84","994.67","2021-09-01"
"1434","78","48.06","2023-11-20"
"1435","55","871.85","2022-08-24"
"1436","40","704.57","2023-06-03"
"1437","49","628.65","2022-07-23"
"1438","18",\N,"2023-01-23"
"1439","59","339.86","2020-11-30"
"1440","19","491.08",\N
"1441","28","939.08","2021-07-22"
"1442","75","822.95","2023-09-02"
"1443","58","850.51","2024-02-08"
"1444","34",\N,"2022-09-08"
"1445","74","117.74","2022-06-24"
"1446","41","338.41","2023-01-28"
"1447","19","693.74","2022-04-12"
"1448","31","793.29","2021-05-09"
"1449","13","484.63","2020-03-09"
"1450","51","142.23","2020-09-23"
"1451","11","310.59","2024-02-02"
"1452",\N,"536.88","2020-01-13"
"1453","33","170.78","2021-03-04"
"1454","90","378.60","2020-09-03"
"1455",\N,"445.60","2020-05-21"
"1456","78","969.73","2021-09-01"
"1457","99","90.20","2023-06-06"
"1458","6","456.48","2020-11-16"
"1459","95","56.15","2022-04-07"
"1460","98","524.73","2020-11-14"
"1461","32","27.21","2022-11-21"
"1462","14","149.12",\N
"1463","22","973.49","2022-02-27"
"1464","23","591.91","2020-10-24"
"1465",\N,"177.28","2021-04-04"
"1466","24","614.00","2022-06-10"
"1467","77","197.69","2023-07-22"
"1468","68","948.55","2024-01-21"
"1469","23","396.17","2022-01-17"
"1470","90","581.54","2023-12-20"
"1471",\N,"610.50","2022-04-15"
"1472","9","605.11","2023-01-02"
"1473","46","974.00","2021-11-10"
"1474","85","888.00","2021-04-09"
"1475","90","209.95","2023-11-06"
"1476","92","968.72","2020-08-31"
"1477","37","452.80","2021-05-07"
"1478","17","256.07","2021-05-29"
"1479","22","922.13","2022-07-21"
"1480","52","164.47","2022-01-22"
"1481","6","491.15","2023-07-06"
"1482","83","957.78","2023-03-21"
"1483","27","12.24","2023-06-04"
"1484","74","451.23","2023-12-14"
"1485","23","598.26","2021-06-07"
"1486","26","608.78","2021-04-19"
"1487","53","183.28","2023-01-02"
"1488","26","311.60","2022-06-18"
"1489","59","795.68","2023-05-09"
"1490","35","248.61","2022-06-18"
"1491","16",\N,"2023-11-02"
"1492","63","473.80","2021-07-16"
"1493","86","901.94","2021-10-03"
"1494","1","328.64","2020-08-27"
"1495","8","7.40","2021-11-15"
"1496","61","353.47","2021-03-07"
"1497",\N,"307.32","2022-05-29"
"1498","38","863.86","2020-02-15"
"1499","81","998.56","2023-01-12"
"1500","5","141.61","2021-04-22"
"1501","77","729.31","2023-11-18"
"1502",\N,"826.99","2021-03-29"
"1503","31","58.30","2021-07-08"
"1504","50","89.21","2020-12-19"
"1505","67","601.07","2021-08-15"
"1506","11","346.38","2022-10-16"
"1507","80","939.04","2022-12-02"
"1508","6","617.18","2021-01-03"
"1509","12","44.60","2023-03-12"
"1510","38","83.72","2020-12-20"
"1511","74","770.77","2020-04-04"
"1512","26","295.35","2021-04-09"
"1513",\N,"9.52","2023-10-04"
"1514","30","457.39","2024-01-30"
"1515","77","659.68","2022-07-12"
"1516","77",\N,"2021-11-20"
"1517","39","129.53","2020-01-27"
"1518","18","72.23","2023-06-16"
"1519","35","955.83","2020-04-09"
"1520","67","9.71","2020-11-13"
"1521","94","815.40","2020-05-28"
"1522","55","478.51","2020-09-25"
"1523","10","171.50","2021-09-13"
"1524","33","497.29","2022-01-19"
"1525","2","806.24","2020-09-19"
"1526","8",\N,"2020-10-16"
"1527","55","558.36","2023-01-01"
"1528","87","818.05",\N
"1529","75","692.16","2021-12-04"
"1530","68","682.69","2023-07-13"
"1531","19","760.65","2023-04-10"
"1532","30","380.01","2022-06-05"
"1533","81","8.86","2023-09-24"
"1534","18","170.07","2022-08-29"
"1535","78","835.57","2023-10-27"
"1536","16","574.94","2022-03-02"
"1537","86","421.24","2021-05-31"
"1538","75","86.37","2023-10-15"
"1539","76","997.80",\N
"1540","82","116.91","2023-09-26"
"1541","24","204.25","2023-04-16"
"1542","38","951.51","2022-10-28"
"1543","51","387.04","2023-05-11"
"1544","5","524.73","2022-04-08"
"1545","78","754.79","2021-07-01"
"1546",\N,"562.49","2021-01-29"
"1547","94","482.21","2022-11-25"
"1548","8","73.38","2022-12-12"
"1549","99",\N,"2023-01-16"
"1550","91","475.43","2023-09-28"
"1551","4","404.40","2021-08-19"
"1552","92","754.90","2020-07-18"
"1553","74","787.55","2021-05-22"
"1554","35","466.89","2023-03-24"
"1555","73","767.70","2020-02-15"
"1556","67","443.49","2021-08-26"
"1557","66","744.60","2021-03-11"
"1558","82","944.55","2022-05-14"
"1559",\N,"125.80","2020-04-23"
"1560","31",\N,"2023-10-27"
"1561",\N,"68.56",\N
"1562","37","756.51","2020-05-25"
"1563","4","828.65","2021-09-09"
"1564","36","108.49",\N
"1565","8","212.47","2021-05-03"
"1566","28",\N,"2022-02-20"
"1567","63","97.09","2021-01-29"
"1568","13","953.14","2020-01-17"
"1569","63","851.44","2022-02-14"
"1570","17","390.15","2023-12-28"
"1571","95","199.12","2021-03-03"
"1572","62","203.44","2021-03-13"
"1573","72","888.48","2021-12-20"
"1574","13",\N,"2022-11-01"
"1575","51","372.19","2022-03-06"
"1576","73",\N,"2020-09-29"
"1577","1","410.86","2023-03-21"
"1578","20","599.30","2022-09-11"
"1579","9","634.87","2021-05-11"
"1580","58","990.93","2022-08-04"
"1581","7","632.91","2021-08-29"
"1582","99","45.35","2020-01-18"
"1583","82","395.65","2020-09-18"
"1584","76","748.75","2021-10-27"
"1585","69","109.74",\N
"1586","27","747.46","2023-03-09"
"1587","1","164.45","2020-03-25"
"1588","59","694.21","2023-08-19"
"1589",\N,"640.14","2023-04-04"
"1590","31","683.62","2020-12-13"
"1591","25","567.76","2022-05-26"
"1592","100","665.94","2022-10-28"
"1593","8",\N,"2022-03-11"
"1594","50","514.88","2021-07-07"
"1595","38","727.34","2021-12-24"
"1596","62","343.75","2024-02-04"
"1597","86","230.32","2022-11-15"
"1598","23","986.27","2022-11-29"
"1599","60","993.09","2021-12-20"
"1600","19","132.19","2023-08-07"
"1601","47","935.57","2022-06-12"
"1602","91","783.11","2023-02-09"
"1603","34","599.48","2021-06-12"
"1604","30","394.76","2023-07-22"
"1605","90","122.99","2021-05-03"
"1606",\N,"395.14","2021-08-09"
"1607","88","104.00","2020-06-01"
"1608","100","919.16","2022-03-26"
"1609","6","166.04","2022-09-07"
"1610","93","645.71","2023-12-19"
"1611","55","609.98","2022-11-29"
"1612","98","181.79",\N
"1613","19","153.15","2020-12-25"
"1614","18","88.29","2020-07-30"
"1615","90","640.87","2020-09-04"
"1616","38","588.40","2023-05-26"
"1617","44","786.71","2020-03-09"
"1618","79","489.57","2021-01-01"
"1619","24","313.74","2023-05-19"
"1620","82","83.52","2021-01-08"
"1621","98","289.10","2022-12-10"
"1622",\N,\N,"2022-12-08"
"1623","51","128.92","2023-10-12"
"1624","33","918.21","2022-02-01"
"1625","40","993.55","2021-03-13"
"1626","60","713.85","2020-10-16"
"1627","24","773.64","2022-04-25"
"1628","75","146.92","2020-03-24"
"1629","74","399.57","2020-01-13"
"1630","57","587.42","2020-06-14"
"1631","82","498.64","2020-07-20"
"1632","7","108.36","2021-10-12"
"1633","27","159.55","2022-08-07"
"1634","59","503.87","2021-02-06"
"1635","57","260.40","2023-08-29"
"1636","59","155.22","2022-09-10"
"1637","6","213.62","2022-03-07"
"1638","18","457.53","2020-08-26"
"1639","91","732.53","2023-03-27"
"1640","38","75.37","2020-02-26"
"1641",\N,\N,"2021-03-17"
"1642","30","923.15","2023-09-12"
"1643","80","91.03","2022-03-09"
"1644","30","725.69","2020-09-21"
"1645","82","888.92","2022-04-19"
"1646","64","50.88","2020-12-26"
"1647","11","850.40","2020-11-02"
"1648","24","570.55","2023-01-31"
"1649","14","792.03","2023-06-14"
"1650","84","286.52","2023-11-06"
"1651","23","845.40","2020-02-23"
"1652",\N,\N,"2020-03-27"
"1653","45","938.92","2023-06-02"
"1654","37","435.44","2024-01-28"
"1655","94","804.34","2023-08-15"
"1656","52","890.93","2021-02-12"
"1657","16","504.41","2020-10-02"
"1658","96","472.27","2021-08-02"
"1659","10","291.26","2022-11-09"
"1660","60","59.05","2023-02-13"
"1661","91","403.67","2022-01-22"
"1662","91",\N,"2023-08-26"
"1663","31","883.49","2024-02-08"
"1664","5","766.29","2020-10-24"
"1665","88","823.48",\N
"1666","75","660.11","2023-07-12"
"1667","39","598.82","2023-09-18"
"1668","79","871.25",\N
"1669","19","450.55","2023-08-07"
"1670",\N,"845.54","2022-09-16"
"1671","93","666.82","2021-05-10"
"1672","28","241.75","2020-07-03"
"1673","17","44.72","2021-06-17"
"1674","36","549.83","2021-01-08"
"1675","79","607.46","2022-02-01"
"1676","20","104.48","2020-12-28"
"1677","66",\N,"2023-08-09"
"1678","42","912.22","2022-08-06"
"1679","82","701.88","2020-03-05"
"1680","51","141.17","2020-09-09"
"1681","94","171.38","2023-08-09"
"1682","14",\N,"2020-10-26"
"1683","71","625.00","2022-02-15"
"1684","22","347.83","2022-12-02"
"1685","38","729.22","2021-12-20"
"1686","55","73.00","2021-11-30"
"1687","21","669.42","2023-08-24"
"1688","84","913.66","2023-05-26"
"1689","51","82.24","2020-03-12"
"1690","18","813.82","2023-10-19"
"1691","26","545.39","2020-03-22"
"1692","12","748.49","2020-09-01"
"1693","36","339.89","2020-12-17"
"1694",\N,"888.41","2022-12-10"
"1695","62","202.33","2021-05-04"
"1696","39","352.29","2020-12-25"
"1697","39",\N,"2021-08-11"
"1698","100",\N,"2022-02-01"
"1699","8","893.72","2021-03-05"
"1700","40","943.20","2021-06-22"
"1701","33","6.67","2020-09-16"
"1702","23","752.50","2021-01-19"
"1703","10","485.39","2021-07-15"
"1704","74","691.62","2021-12-23"
"1705","93","176.67","2020-04-04"
"1706","61","981.03","2020-09-10"
"1707","39","799.75",\N
"1708","56","379.22","2020-09-28"
"1709","4",\N,"2022-12-31"
"1710","80","513.73","2022-07-12"
"1711","8","808.94","2023-01-01"
"1712","62","51.90","2021-12-14"
"1713","58","621.53","2022-08-23"
"1714","65","393.90","2022-12-01"
"1715",\N,"681.66","2023-05-08"
"1716","37","547.13","2020-07-18"
"1717","60","185.31","2020-07-14"
"1718","81","143.51","2021-12-08"
"1719","68","595.91","2020-12-23"
"1720","17","26.69","2020-01-07"
"1721","85","983.20","2020-05-16"
"1722","89","934.80","2023-05-22"
"1723","26","509.25","2021-05-23"
"1724","86","239.96","2023-06-17"
"1725","85","548.17","2023-03-07"
"1726","78","732.72",\N
"1727","70","13.80","2023-12-17"
"1728","20","969.42","2022-11-04"
"1729","43",\N,"2020-10-22"
"1730","52","926.23","2020-01-05"
"1731","73","662.10","2020-05-23"
"1732","86","458.03","2023-12-29"
"1733","36",\N,\N
"1734",\N,"944.25","2023-09-12"
"1735","62","547.97","2023-08-30"
"1736","1","62.33","2020-08-04"
"1737","18","70.77","2023-01-29"
"1738","61","683.38","2022-05-06"
"1739","70","144.36","2021-11-07"
"1740","27","949.59","2022-10-03"
"1741","21","845.45","2020-11-30"
"1742","64","968.81","2023-01-06"
"1743","24","764.26","2021-11-06"
"1744",\N,"345.92","2022-03-10"
"1745","2","551.31","2021-04-08"
"1746","91","459.24","2022-04-19"
"1747","50","435.99","2023-04-10"
"1748","22","980.93","2022-10-02"
"1749","91","121.90","2020-10-14"
"1750","54",\N,"2021-12-07"
"1751","73","453.38","2020-07-13"
"1752","38",\N,\N
"1753","65","205.73","2020-06-27"
"1754","41","614.53","2020-02-25"
"1755","17","856.76","2023-02-26"
"1756","90","20.47","2021-07-03"
"1757","78","353.20","2023-03-04"
"1758","50","482.36","2022-11-10"
"1759","89","604.00","2021-12-28"
"1760","78","349.65","2022-10-08"
"1761","67","552.87","2022-02-27"
"1762","2","598.91","2020-11-28"
"1763","83",\N,"2021-02-01"
"1764","79","449.46","2022-02-06"
"1765","68",\N,"2020-09-03"
"1766",\N,"839.62","2023-05-28"
"1767","20","279.19","2022-03-09"
"1768","61","641.58","2023-03-07"
"1769","95","929.54","2020-09-30"
"1770","10","154.23","2020-05-01"
"1771","16","122.13","2023-12-26"
"1772",\N,"523.04","2022-01-16"
"1773","75","754.19","2022-05-31"
"1774","38","788.88","2022-08-13"
"1775","1","425.11","2020-01-02"
"1776","20","624.46","2020-08-03"
"1777","12","905.09","2020-08-19"
"1778",\N,"768.20","2020-08-18"
"1779","1","771.22","2022-05-19"
"1780","8",\N,"2021-09-30"
"1781","49","376.60","2023-04-04"
"1782","68","699.25","2020-11-04"
"1783",\N,"945.54","2022-03-25"
"1784","81","381.42","2020-01-23"
"1785","86","171.04","2022-02-25"
"1786","43","344.82","2023-01-02"
"1787","80","521.34","2023-01-30"
"1788","57","60.09","2020-01-28"
"1789","82","257.36","2022-05-25"
"1790","78","413.17","2023-09-17"
"1791","45","365.46","2023-10-10"
"1792","18","3.31","2022-02-06"
"1793","70","561.47","2021-10-08"
"1794","14","649.60","2020-08-05"
"1795","92","69.63","2020-05-17"
"1796","12","299.76","2022-10-31"
"1797","41","531.95",\N
"1798","19","401.03","2024-01-05"
"1799","96","387.94","2023-02-11"
"1800","92","547.17","2020-09-08"
"1801","27","515.44","2021-09-11"
"1802","21","123.41","2022-03-01"
"1803","91","431.71","2020-04-10"
"1804","39","680.43","2021-12-19"
"1805","98","259.83","2020-07-29"
"1806","33","865.09","2022-03-13"
"1807","39","472.98","2022-03-11"
"1808","88","901.76","2020-11-28"
"1809","10","751.76","2021-11-16"
"1810","92","279.60","2020-04-21"
"1811",\N,"403.97","2021-11-26"
"1812","17","36.52","2020-09-19"
"1813","100","259.02","2020-01-02"
"1814","70",\N,"2021-10-12"
"1815","92",\N,"2022-05-23"
"1816","51","419.29","2021-08-07"
"1817","64","568.70","2020-05-05"
"1818","48","308.29","2022-04-26"
"1819","95","824.74","2020-10-12"
"1820","20","41.13","2020-01-04"
"1821","68","773.81","2022-08-20"
"1822","24","599.27",\N
"1823","51","304.66","2021-03-05"
"1824","70","653.70",\N
"1825","70",\N,"2021-03-02"
"1826","9","29.05","2023-04-15"
"1827","95","784.71","2021-08-05"
"1828","33","610.58","2022-11-27"
"1829","95","672.29","2020-12-07"
"1830","28","249.14","2020-11-30"
"1831","100","964.65","2021-05-26"
"1832","80","48.95","2023-02-27"
"1833","18","395.95","2023-11-27"
"1834","51","24.74","2023-10-27"
"1835","46","331.30",\N
"1836","76","32.81","2023-06-07"
"1837",\N,"884.39","2022-08-02"
"1838","1","463.03","2023-01-08"
"1839","81","667.71","2021-10-30"
"1840","47","746.49","2020-02-21"
"1841","94","449.16","2020-07-02"
"1842","28",\N,"2024-01-05"
"1843","50","593.54","2023-06-01"
"1844","47","311.63","2023-02-04"
"1845","52","930.48","2020-04-28"
"1846","13","644.45","2020-07-13"
"1847","66","332.69","2021-08-25"
"1848","64","423.23","2021-05-24"
"1849","65","263.95","2020-09-23"
"1850","1","509.48",\N
"1851","5","543.10","2023-10-25"
"1852","76","49.03","2020-06-09"
"1853","59","206.96","2022-08-21"
"1854","34","617.02","2022-11-06"
"1855","63","710.74","2023-06-15"
"1856","59","562.14","2021-09-02"
"1857","68",\N,"2020-02-05"
"1858","96","937.11",\N
"1859","3","460.76","2022-02-19"
"1860","74","339.51","2023-04-28"
"1861","32","612.93","2023-07-06"
"1862","74","181.93","2023-08-17"
"1863","14","694.77",\N
"1864","73","743.47","2022-05-30"
"1865","47","563.18","2022-02-02"
"1866","61","968.85","2023-11-04"
"1867","7","785.92","2021-06-23"
"1868","76","129.31","2022-09-06"
"1869","24","648.31","2020-09-20"
"1870","50","897.89","2022-05-06"
"1871","77","379.03","2021-05-03"
"1872","78",\N,"2022-09-07"
"1873","33","317.67","2020-05-27"
"1874","1","243.88","2022-05-09"
"1875","70","64.98","2023-12-27"
"1876","86","595.05","2022-05-04"
"1877","48","813.60","2020-11-30"
"1878","92","328.65","2020-02-19"
"1879","68","475.87","2024-01-25"
"1880","54","310.91","2020-04-04"
"1881","41","92.74","2020-07-18"
"1882","69","893.65","2023-03-14"
"1883","77","482.01","2021-03-14"
"1884","22","381.43","2021-06-05"
"1885","18","140.50","2020-06-30"
"1886","4","542.70","2020-01-19"
"1887","35","537.92","2020-04-16"
"1888","51","44.48","2021-01-21"
"1889","50","148.60","2021-05-22"
"1890",\N,"365.13","2023-02-12"
"1891","15","846.19","2023-04-27"
"1892","74","760.86","2023-04-27"
"1893","52",\N,"2022-04-09"
"1894","40","531.49","2022-03-21"
"1895","49","334.96","2020-01-11"
"1896","13","230.69","2021-03-20"
"1897","55","766.75","2022-07-29"
"1898","2","630.38","2023-06-24"
"1899","43","429.35","2021-05-28"
"1900","65","125.89","2022-07-02"
"1901","45",\N,"2021-04-08"
"1902","50","699.75","2023-04-20"
"1903","98","229.15","2022-07-01"
"1904","51","49.35","2021-09-29"
"1905","63","114.81","2022-02-28"
"1906","97","621.11","2020-06-06"
"1907","42","859.63","2022-08-10"
"1908","33","453.62","2022-11-12"
"1909","18","23.54","2023-08-16"
"1910","56","671.30","2022-12-25"
"1911","77","916.72","2022-05-06"
"1912","60","119.24","2023-11-02"
"1913","68","381.11","2020-10-02"
"1914","7","586.58","2022-04-14"
"1915","30","601.75","2023-03-09"
"1916","32",\N,"2021-09-10"
"1917","76","622.20","2020-02-17"
"1918","1","770.54","2022-07-09"
"1919","73","230.60","2023-07-24"
"1920","40","641.72","2022-09-28"
"1921","92","281.63","2020-08-29"
"1922",\N,"591.67","2020-12-27"
"1923","26","651.99","2020-06-05"
"1924","12","196.30","2022-12-14"
"1925",\N,"420.61","2023-09-25"
"1926","49","54.26","2022-09-11"
"1927","99","733.93","2020-06-21"
"1928","58","936.40","2022-06-11"
"1929","88","346.98","2022-10-18"
"1930","82","299.03","2021-07-15"
"1931","43","684.95","2020-10-24"
"1932","61","719.58","2020-11-29"
"1933","75","105.87","2021-05-11"
"1934","33","291.03","2022-04-21"
"1935","5","722.74","2021-07-03"
"1936","46","345.37","2021-12-03"
"1937",\N,"841.57","2022-08-10"
"1938","49","529.26","2022-10-14"
"1939",\N,"508.03","2021-07-15"
"1940","55","996.07","2020-01-22"
"1941","31","735.08","2020-10-09"
"1942","97","688.59","2021-07-15"
"1943",\N,"534.21","2020-05-15"
"1944","91","462.56","2022-06-27"
"1945","34","991.05","2023-03-15"
"1946","90","988.29","2022-12-19"
"1947","83","214.78","2022-08-13"
"1948","18","561.29","2020-06-03"
"1949","91",\N,"2022-09-03"
"1950","26","11.70","2023-10-03"
"1951","27","890.99",\N
"1952","41","456.03","2024-01-14"
"1953","57","970.71","2021-04-25"
"1954","35","678.69","2023-03-27"
"1955","87","317.68","2021-01-29"
"1956","14","231.75","2020-09-15"
"1957","20","73.94","2022-10-28"
"1958","40","303.98","2020-12-07"
"1959","59","149.55","2022-03-16"
"1960","86","466.42","2020-07-30"
"1961","49","895.46","2022-10-05"
"1962","72","549.16","2024-01-27"
"1963","91","185.21","2021-09-12"
"1964","20","984.94","2023-12-06"
"1965",\N,"470.19","2022-06-13"
"1966","11","613.61","2022-12-14"
"1967","15","223.92","2024-01-05"
"1968","55","649.53","2021-08-14"
"1969","65","687.39","2021-02-01"
"1970","85","657.10","2023-08-23"
"1971","94","867.54","2020-02-11"
"1972","72","350.70","2020-11-28"
"1973","6","138.23","2020-05-12"
"1974","44","558.90","2022-09-18"
"1975","53","4.75","2021-07-18"
"1976","11","693.32","2020-10-07"
"1977","32","335.06","2022-02-11"
"1978","77","875.61","2023-02-20"
"1979","65","384.04","2021-12-31"
"1980","80",\N,"2023-05-15"
"1981","27",\N,"2023-02-22"
"1982",\N,"177.92","2020-06-12"
"1983","47","864.45","2020-12-19"
"1984","70","121.46","2020-02-22"
"1985","58","574.61","2023-02-12"
"1986","26","958.97","2023-11-27"
"1987","44",\N,"2022-12-27"
"1988","72","972.24","2020-04-10"
"1989","52","251.60","2020-06-19"
"1990","90","915.63","2021-07-15"
"1991","87","156.97","2020-08-20"
"1992","53",\N,"2020-10-01"
"1993","2","565.37","2022-08-22"
"1994","13","555.53","2021-11-01"
"1995","49","258.78","2022-02-20"
"1996","58","224.99","2020-06-04"
"1997","96","127.68","2023-07-28"
"1998","38","226.74","2023-12-22"
"1999","35","822.39","2022-03-08"
"2000","71","573.07","2022-04-20"
"2001","49","194.98","2021-05-08"
"2002","51","560.07","2020-07-14"
"2003","44","55.70","2020-08-29"
"2004",\N,"765.89","2021-12-17"
"2005","19","245.51","2024-01-17"
"2006","51","641.97","2022-11-08"
"2007","44",\N,"2022-10-16"
"2008","44","84.93","2022-12-29"
"2009","9",\N,"2020-07-03"
"2010","77","383.84","2021-10-05"
"2011","70","297.16","2021-09-13"
"2012","20","966.14","2022-06-29"
"2013","84","483.46",\N
"2014","11","930.14","2022-10-29"
"2015","71","284.61","2020-02-02"
"2016","86","35.86",\N
"2017","91","933.75","2022-08-10"
"2018","66","821.75","2022-10-09"
"2019","44","156.67","2020-04-24"
"2020","5",\N,"2022-11-28"
"2021",\N,"405.24","2022-10-30"
"2022","45","331.94","2021-01-30"
"2023","3",\N,\N
"2024","72",\N,"2022-07-25"
"2025","31","171.89",\N
"2026","60","199.92","2021-11-20"
"2027","95","729.06","2021-08-04"
"2028","81",\N,"2020-06-29"
"2029",\N,"818.62","2021-03-23"
"2030","31","87.14",\N
"2031","50","70.04","2023-08-11"
"2032","8","479.64","2021-11-11"
"2033","31","743.51","2021-07-02"
"2034","26","634.88","2022-12-28"
"2035","13","902.98","2024-01-26"
"2036","71","486.90","2023-09-12"
"2037","73","604.53","2024-01-30"
"2038","44","379.74","2021-02-13"
"2039","77","127.24","2022-02-03"
"2040","54","653.72","2022-05-04"
"2041","95","746.00","2022-11-27"
"2042","74","527.66","2021-10-26"
"2043","67","715.48","2022-05-15"
"2044","53","772.02","2023-11-22"
"2045","7","677.58","2021-03-27"
"2046","63","138.82","2020-02-07"
"2047","23","10.51","2020-10-18"
"2048","60","496.91","2020-06-22"
"2049",\N,"586.11","2020-01-07"
"2050","82","401.65","2021-04-19"
"2051","40","573.28","2021-07-21"
"2052","4","234.76","2020-08-22"
"2053","86","845.96","2021-07-16"
"2054","51","295.71","2020-02-27"
"2055","7","898.89","2022-01-04"
"2056","22","767.03","2022-06-11"
"2057","41","304.15",\N
"2058","72","474.11","2022-05-07"
"2059","60","243.42","2020-12-09"
"2060","17","83.54","2020-05-24"
"2061","9","702.42","2022-06-21"
"2062","11","661.94","2022-06-08"
"2063",\N,"516.05","2022-08-10"
"2064","43","359.87","2020-01-18"
"2065","99","543.03","2021-12-27"
"2066","32","715.70","2022-12-15"
"2067","24","948.51","2023-10-19"
"2068","5","474.94","2022-08-24"
"2069","97","521.41","2020-12-10"
"2070","67","618.40","2023-01-17"
"2071","53","275.49","2022-02-21"
"2072","43","458.82",\N
"2073","15","248.78","2021-11-26"
"2074","57","605.76","2021-08-29"
"2075","24","799.27","2020-05-04"
"2076","39","554.30","2020-04-19"
"2077","40","903.50","2022-05-28"
"2078","100","552.06","2022-05-11"
"2079","95","737.14","2022-02-25"
"2080","33","423.83","2020-08-04"
"2081","93","253.79","2022-02-01"
"2082","38","604.64","2020-05-09"
"2083","21","35.62","2023-07-29"
"2084","22","232.89","2022-01-19"
"2085","40",\N,"2023-05-09"
"2086","23","848.19","2020-07-09"
"2087","79","724.17","2022-12-10"
"2088","9","234.98","2022-09-30"
"2089","60",\N,"2021-01-22"
"2090","84","616.75","2020-09-08"
"2091","64","571.25","2020-07-16"
"2092","36","555.94","2021-07-10"
"2093","5","557.32","2020-09-03"
"2094","11","494.60","2021-11-25"
"2095","35","423.76","2023-10-25"
"2096","85","642.44","2022-07-26"
"2097","9","29.14","2023-03-03"
"2098","40","573.95","2021-05-31"
"2099","38",\N,\N
"2100","27","688.26","2022-12-04"
"2101","35","82.61","2022-01-09"
"2102",\N,"72.49","2020-10-04"
"2103","86","647.50","2022-05-14"
"2104","13","163.40","2024-01-26"
"2105","37",\N,"2022-08-12"
"2106","7","589.59","2022-05-19"
"2107","71",\N,"2022-04-01"
"2108","96","199.61","2020-11-05"
"2109","13","588.54","2020-02-04"
"2110","14","369.55","2023-04-17"
"2111","92","106.41","2023-05-08"
"2112","54","885.73","2024-01-17"
"2113","75","292.91","2023-07-11"
"2114","68","86.63","2022-05-15"
"2115","18","227.12","2022-11-09"
"2116","18","134.22","2023-11-12"
"2117","67","218.22","2020-07-24"
"2118","65","951.09","2021-03-24"
"2119","12","550.35","2021-08-16"
"2120","57","172.48","2020-10-16"
"2121","11","346.64","2022-06-19"
"2122","29","71.61","2023-02-24"
"2123","93","720.46","2021-05-26"
"2124","100","837.27","2023-11-29"
"2125","57","79.35","2021-11-24"
"2126","8","196.01","2020-05-01"
"2127",\N,"865.85",\N
"2128","9","499.09","2023-02-13"
"2129","94","956.69","2023-01-29"
"2130","64","341.37","2023-02-12"
"2131","36","905.13","2020-01-08"
"2132","96","96.17","2020-12-14"
"2133","56","430.69","2020-10-23"
"2134","89","47.89","2023-11-07"
"2135","39","931.81","2020-11-14"
"2136","65","338.98","2022-08-16"
"2137",\N,"434.01","2020-12-24"
"2138","64","2.70","2021-03-15"
"2139","55","748.22","2021-03-20"
"2140","90","250.34","2023-01-21"
"2141","89","181.99","2021-11-23"
"2142","14","400.09","2021-08-09"
"2143",\N,"163.60","2020-05-22"
"2144","34","428.22","2020-08-28"
"2145","20","224.91","2022-03-14"
"2146","16","121.18","2023-09-24"
"2147","17","17.20","2023-05-06"
"2148","33","795.11","2020-11-03"
"2149","75","237.54","2023-06-17"
"2150","87","810.93",\N
"2151","18","166.60",\N
"2152","94","675.93","2021-07-31"
"2153","23","862.22","2021-05-15"
"2154","58","903.64","2020-01-07"
"2155","95","966.00","2023-05-23"
"2156","100","479.43","2020-08-14"
"2157","56","258.04","2023-08-01"
"2158","26","22.31","2020-06-20"
"2159","98","440.19","2022-07-11"
"2160","73",\N,"2022-09-24"
"2161","3","465.85","2022-08-15"
"2162","94","36.90","2021-02-21"
"2163","96","579.04","2021-10-17"
"2164","9","709.30","2022-11-16"
"2165","92","123.17","2020-05-10"
"2166","55","550.51","2022-04-27"
"2167","79",\N,"2022-11-02"
"2168","97","158.40","2021-03-31"
"2169","35","849.22","2020-01-26"
"2170","68","652.05","2021-05-02"
"2171","31","834.54","2020-07-12"
"2172","94","671.08","2021-04-01"
"2173","74","269.19","2021-12-21"
"2174",\N,"434.79","2024-02-07"
"2175","7","314.83","2021-06-28"
"2176","7","974.15","2023-10-12"
"2177","73","446.50","2024-01-08"
"2178","59","332.97",\N
"2179",\N,"891.90","2022-02-26"
"2180","96","351.86","2020-07-01"
"2181","15","700.22",\N
"2182","86","5.67","2021-11-17"
"2183",\N,"213.93","2020-02-18"
"2184","69","748.03","2020-02-25"
"2185","97","47.20","2020-10-13"
"2186","21","211.10","2020-08-11"
"2187","93",\N,"2021-03-11"
"2188","44","667.17","2023-02-06"
"2189","35","683.74","2023-10-15"
"2190","37","638.85","2023-07-02"
"2191","45","716.20","2022-08-11"
"2192","64","300.65","2020-01-27"
"2193","63","791.32","2021-07-15"
"2194","100","562.45","2022-12-12"
"2195","58","457.93","2022-03-04"
"2196","94","11.61","2023-04-16"
"2197","11","871.40","2022-05-08"
"2198","4","455.05","2021-06-22"
"2199","73","525.88","2021-12-14"
"2200","31","483.39","2021-11-12"
"2201","28",\N,"2020-06-17"
"2202","1","25.70","2021-12-09"
"2203","74","775.65","2020-05-21"
"2204",\N,"993.94","2022-12-13"
"2205","70","827.52","2021-10-02"
"2206","67","884.73","2023-03-15"
"2207",\N,"163.30","2023-01-29"
"2208",\N,"879.64","2022-09-17"
"2209","63","16.42","2022-08-28"
"2210",\N,"675.44","2022-10-13"
"2211","80","48.07","2023-01-12"
"2212","60","643.19","2023-08-03"
"2213","82","646.87","2023-11-14"
"2214","9","155.59","2020-09-27"
"2215","3","780.01","2022-08-03"
"2216","96","520.38","2021-02-07"
"2217","43","713.28","2022-11-14"
"2218","87","89.78","2023-11-20"
"2219",\N,"856.79","2021-01-21"
"2220","19","171.27",\N
"2221","94","585.45","2022-11-09"
"2222","95","744.95","2022-07-26"
"2223","18","678.05","2021-04-21"
"2224","94","843.60","2022-08-23"
"2225","64","206.61","2020-12-30"
"2226","76","147.01","2020-01-07"
"2227","76","307.71","2020-03-18"
"2228","22",\N,"2022-10-11"
"2229","51","429.98","2022-09-19"
"2230","71","392.47","2020-07-20"
"2231","3","171.89","2020-05-08"
"2232","8","707.73","2023-01-25"
"2233","83","974.09","2020-04-17"
"2234","60","647.68","2023-12-06"
"2235","35","34.90","2022-02-11"
"2236",\N,"347.76","2022-05-16"
"2237","85","803.23","2022-10-20"
"2238","74","757.10","2023-04-18"
"2239","44","980.10","2023-01-10"
"2240","19","814.89","2023-06-28"
"2241","82","821.00","2021-02-10"
"2242","76","998.94",\N
"2243","63","564.64","2020-07-18"
"2244","44","161.42","2020-06-12"
"2245","62","767.33","2020-01-22"
"2246","37","827.58","2021-10-05"
"2247","71","463.41","2022-01-10"
"2248","21","467.07","2020-02-04"
"2249","24","182.18","2021-07-28"
"2250","64","639.47","2021-09-29"
"2251","33",\N,"2021-02-24"
"2252","88","10.37","2021-07-03"
"2253","87","201.69","2020-01-25"
"2254","51","370.95","2022-03-18"
"2255","89","18.20","2021-06-21"
"2256","65",\N,"2021-05-15"
"2257","32","42.40","2023-11-15"
"2258","55","792.71","2020-10-13"
"2259","50",\N,"2024-01-19"
"2260","60","418.06","2022-06-09"
"2261","52","517.90","2020-09-09"
"2262",\N,"684.83","2023-10-18"
"2263","40","208.46","2021-08-16"
"2264","65","657.07","2022-11-10"
"2265","32","810.04","2022-02-06"
"2266","43","537.59","2021-06-20"
"2267","97","53.50","2021-06-24"
"2268","37","602.24","2020-10-28"
"2269","41","802.91","2022-08-31"
"2270","11","207.00","2023-12-14"
"2271","42","304.80","2020-01-28"
"2272","61","352.29","2020-12-22"
"2273",\N,"694.95","2020-05-26"
"2274","60","464.65","2021-11-15"
"2275","49","64.09","2023-08-05"
"2276","5","979.11","2020-10-25"
"2277","98","694.67","2021-10-24"
"2278","14","609.16","2021-06-10"
"2279","19","296.45","2024-02-04"
"2280","28","205.16","2021-10-30"
"2281","63","857.95","2022-10-14"
"2282",\N,"697.04","2023-08-25"
"2283","61","440.52","2023-12-01"
"2284",\N,"771.08","2022-07-17"
"2285","82","1.20","2022-08-28"
"2286","28","477.80","2022-05-01"
"2287","50","230.58","2023-12-04"
"2288","9","928.00","2023-09-24"
"2289","91","8.39","2020-01-31"
"2290","31","699.25","2022-01-19"
"2291","20","300.70","2023-10-03"
"2292","67","492.89","2021-05-21"
"2293","99","657.08","2022-07-30"
"2294","1","503.75","2022-01-19"
"2295","97","799.90","2022-03-06"
"2296","88","941.54","2023-12-27"
"2297","99","893.58","2020-08-14"
"2298","83","247.03","2021-03-29"
"2299","53","209.93","2021-03-02"
"2300","51","119.23","2022-10-19"
"2301","88","583.10","2020-08-27"
"2302","79","461.64","2022-12-07"
"2303","42","478.30","2021-05-28"
"2304","21",\N,"2022-05-26"
"2305","44","48.97","2024-02-02"
"2306","48","155.96","2022-08-23"
"2307","84","998.09","2021-12-24"
"2308","19","193.95","2020-01-15"
"2309","44","221.77","2021-02-21"
"2310","29","988.27",\N
"2311","80","850.93","2020-01-20"
"2312","59","56.75","2023-03-24"
"2313","42","823.50","2023-09-22"
"2314","83","547.50","2023-12-10"
"2315",\N,"399.50","2021-02-04"
"2316","48","656.32","2020-09-25"
"2317",\N,"457.43","2022-08-06"
"2318","90","402.28","2022-03-30"
"2319","76","403.18","2023-08-10"
"2320","7","339.66","2023-07-17"
"2321","34","541.82","2021-04-07"
"2322","98","769.88","2023-06-20"
"2323","12","644.20",\N
"2324","82","303.86","2021-10-08"
"2325","46","855.61","2020-06-25"
"2326","54","194.58","2023-06-12"
"2327","19","37.45","2020-01-18"
"2328","90","808.04","2021-05-24"
"2329","19","497.57","2023-02-27"
"2330","13","513.85","2022-07-05"
"2331","99","149.85","2020-01-22"
"2332","92","330.86","2020-01-26"
"2333","35","394.49","2021-08-13"
"2334","94","220.19","2023-02-26"
"2335","62","729.57","2021-06-04"
"2336",\N,\N,"2021-05-13"
"2337","11","929.99","2023-02-13"
"2338","7","327.71","2022-10-10"
"2339","89","691.30","2020-10-13"
"2340","42",\N,"2021-06-03"
"2341","96","59.78","2022-02-26"
"2342",\N,"203.68","2023-06-07"
"2343","5","347.68",\N
"2344","83","314.66","2022-02-22"
"2345","9","940.00","2020-05-06"
"2346","14","866.32","2020-11-22"
"2347","34","428.73","2020-06-29"
"2348","44","154.29","2020-02-12"
"2349","15","593.43","2023-10-20"
"2350","26",\N,"2020-03-16"
"2351","63","425.39","2021-11-14"
"2352","83","621.19","2021-06-17"
"2353","17","940.48","2021-07-26"
"2354","79","429.17","2020-06-20"
"2355","32","922.95","2022-12-09"
"2356","30",\N,"2022-12-28"
"2357","79","348.29","2022-04-15"
"2358","45","522.45","2023-08-17"
"2359","8","563.08","2024-01-13"
"2360","60","461.99","2021-09-28"
"2361","91","320.00","2023-12-14"
"2362","40","933.08","2020-07-17"
"2363","12","37.07","2022-08-31"
"2364","100","20.68","2021-11-20"
"2365","55","242.53","2022-11-03"
"2366","96","7.60","2022-01-31"
"2367","58","429.88","2023-12-06"
"2368","33","469.33","2020-02-22"
"2369","44","5.45","2020-09-01"
"2370","5","464.19","2021-07-21"
"2371","1","766.05","2021-12-12"
"2372","12","979.52","2022-03-29"
"2373","56",\N,"2023-03-17"
"2374","40","513.15","2020-09-24"
"2375","78","74.67","2021-11-27"
"2376","16","765.05","2020-07-29"
"2377","78","542.42","2021-03-16"
"2378","70","508.38","2021-10-08"
"2379","62","779.87","2021-03-18"
"2380","59","445.87","2020-11-16"
"2381","5","975.86","2020-06-22"
"2382","42","757.56","2022-11-16"
"2383","50","86.91","2020-10-30"
"2384","6","297.18","2020-06-25"
"2385","56","538.67","2020-11-19"
"2386","25","734.18","2023-01-08"
"2387","37","406.79","2021-08-23"
"2388","95","260.45","2022-01-02"
"2389","93","252.63","2021-10-24"
"2390","13","346.69","2021-12-30"
"2391","13","948.16","2023-10-01"
"2392","82","284.51","2020-04-03"
"2393","63","282.14","2023-01-31"
"2394","73","33.79","2020-06-13"
"2395",\N,"820.52","2021-08-23"
"2396","23",\N,"2024-01-19"
"2397",\N,"892.28","2022-10-04"
"2398","73","801.17","2022-09-23"
"2399","41","756.66","2022-12-05"
"2400","75","692.97","2021-12-23"
"2401","92","995.44","2022-11-23"
"2402","44","882.10","2023-07-19"
"2403",\N,"312.79","2023-06-04"
"2404","3",\N,"2023-06-01"
"2405","72","185.04","2020-02-29"
"2406","10","410.48","2023-12-12"
"2407","56","984.03","2022-09-18"
"2408","71","391.02","2020-06-14"
"2409","59","87.09","2021-08-30"
"2410","92","646.78","2020-05-27"
"2411","5","992.88","2021-11-04"
"2412","60","335.93","2024-01-29"
"2413","84","993.30","2021-05-07"
"2414","30","618.65","2020-06-22"
"2415","63","817.38","2023-10-03"
"2416","2","97.81","2022-11-20"
"2417","49","814.06","2020-07-23"
"2418","27","749.29",\N
"2419","33","897.40","2020-08-10"
"2420",\N,"581.70","2022-12-21"
"2421","52","196.98","2020-08-03"
"2422","97","991.32",\N
"2423","78","473.82","2020-02-02"
"2424","15","554.09","2020-12-05"
"2425","31","814.51","2022-11-23"
"2426","7","966.76","2023-01-24"
"2427","48","276.85","2020-01-02"
"2428","54","109.66","2021-03-10"
"2429","52","105.40","2021-08-27"
"2430","72","903.31","2023-02-03"
"2431","18","594.33","2022-11-08"
"2432","86","71.82","2022-08-03"
"2433","33","485.89","2021-04-18"
"2434","63","72.43","2023-01-03"
"2435","27","424.28","2022-10-25"
"2436","21","709.03","2022-08-10"
"2437","68","175.46","2020-12-09"
"2438","78","608.98","2022-07-21"
"2439","33","666.75","2022-11-19"
"2440","35","280.79","2020-11-06"
"2441","41","834.48","2020-11-09"
"2442","47","898.44","2023-09-29"
"2443","24","186.31","2021-11-22"
"2444","9","373.18","2021-07-08"
"2445","67","369.67",\N
"2446",\N,"839.33","2023-07-26"
"2447","95","192.32","2020-07-04"
"2448","62","612.93","2020-05-17"
"2449","23","471.27","2023-10-10"
"2450","22","866.88","2022-02-05"
"2451","91","679.50","2022-12-24"
"2452","67",\N,"2022-08-04"
"2453","73","79.69",\N
"2454","85","685.17","2021-08-02"
"2455","18","808.71","2023-04-29"
"2456","10","604.18","2022-05-27"
"2457","68","569.13","2023-01-07"
"2458","84","281.02","2023-05-01"
"2459","89","432.68","2021-03-18"
"2460","72","956.57","2022-12-24"
"2461","19","963.12","2022-08-22"
"2462","55","592.41","2021-05-24"
"2463",\N,"540.53","2020-01-14"
"2464","31","699.52","2022-04-09"
"2465","22","112.90","2020-11-06"
"2466","92","523.04","2022-11-20"
"2467","65","900.38","2021-04-20"
"2468","92",\N,"2021-12-09"
"2469","49","964.76","2023-12-19"
"2470","67","916.82","2021-11-02"
"2471","26","830.70","2021-12-22"
"2472","67","253.53","2023-07-09"
"2473","1","333.18","2021-04-07"
"2474","86","563.72","2023-12-27"
"2475","39","482.81","2023-02-01"
"2476",\N,"555.56","2020-11-21"
"2477","12","316.49","2023-11-09"
"2478","100","416.59","2024-01-06"
"2479","83","956.48","2022-11-29"
"2480","87","97.07","2020-02-26"
"2481","85","749.80","2022-07-25"
"2482","11","462.98","2023-05-02"
"2483","26","486.31","2023-12-27"
"2484","8","640.19","2022-02-04"
"2485","94","128.94","2020-03-24"
"2486",\N,"451.63","2021-11-26"
"2487","75","916.21","2023-01-07"
"2488","72","997.86","2022-02-06"
"2489","75","506.62","2023-11-12"
"2490","32","558.71","2023-02-15"
"2491","43","275.18","2021-07-25"
"2492","76","987.88","2023-11-13"
"2493","100","509.73","2022-11-04"
"2494","58","601.10","2021-03-09"
"2495","9","990.37",\N
"2496","30","496.79","2023-04-24"
"2497","86","986.49","2020-03-12"
"2498","3","118.75","2024-02-03"
"2499","87",\N,"2021-01-26"
"2500","87","153.08","2020-05-16"
"2501","36","861.73","2020-11-08"
"2502","21","933.20","2023-10-23"
"2503","23","897.26","2020-02-26"
"2504","64","719.89","2023-12-21"
"2505","90","295.08","2022-04-11"
"2506","89","782.67","2023-10-19"
"2507","53","701.52","2022-05-20"
"2508","72","272.14","2023-03-14"
"2509","35","581.63","2023-10-25"
"2510","43","642.71","2021-09-20"
"2511","18","644.02","2022-07-16"
"2512","95","441.59","2023-07-16"
"2513","40","831.97","2020-11-15"
"2514","57","748.80","2020-09-18"
"2515","58","350.74","2022-01-06"
"2516","18","924.93","2024-01-23"
"2517","47","900.80","2023-11-21"
"2518","89","211.83","2020-05-28"
"2519","98","594.34","2022-03-15"
"2520","85","236.28","2023-08-12"
"2521",\N,"785.22","2022-02-18"
"2522","81","544.55","2020-07-25"
"2523","72","289.54","2020-05-20"
"2524","18","413.11","2021-04-05"
"2525","12","505.81","2022-03-13"
"2526","61","716.41","2020-08-14"
"2527","42","607.55","2023-03-01"
"2528","17","278.26","2023-02-22"
"2529","5","918.71","2020-04-18"
"2530","11","302.20","2023-05-11"
"2531","82","49.87","2022-09-01"
"2532","90","194.61","2022-07-26"
"2533","12","619.65","2022-12-03"
"2534","95","459.83","2021-02-17"
"2535","10","368.15","2020-06-28"
"2536","96","65.82","2022-09-13"
"2537","91","318.50","2023-08-21"
"2538","96","191.78","2020-03-03"
"2539","7","837.17","2021-05-13"
"2540","79","853.76","2020-10-11"
"2541","92","667.67","2021-11-16"
"2542","68","643.30",\N
"2543","84","722.98","2020-10-18"
"2544","19",\N,"2023-04-21"
"2545","63","663.08","2023-12-10"
"2546","28","533.12","2022-10-15"
"2547","11","799.33","2021-02-28"
"2548",\N,"894.84","2023-11-18"
"2549","90","591.65","2020-08-03"
"2550","40","300.57","2020-06-21"
"2551","49","111.17","2023-03-15"
"2552",\N,"960.02","2023-12-31"
"2553","86",\N,"2022-01-21"
"2554","38","567.40",\N
"2555","7",\N,"2020-12-07"
"2556","81","304.83","2022-02-17"
"2557","12","461.99","2023-02-26"
"2558","45","568.54","2023-03-19"
"2559",\N,"679.43","2023-01-14"
"2560","95",\N,"2020-01-05"
"2561","2","182.79","2021-07-15"
"2562","47","547.30","2020-09-19"
"2563","40","918.48","2023-09-16"
"2564","89",\N,"2021-04-23"
"2565","41","781.07","2020-11-19"
"2566","7","379.09","2022-05-15"
"2567","56","289.83","2022-03-22"
"2568","68","925.78","2022-03-03"
"2569","71","683.89","2022-07-30"
"2570","78","77.37","2022-01-10"
"2571","68","428.33","2020-03-05"
"2572","96","809.60","2023-02-20"
"2573","23","488.67","2020-11-21"
"2574","73","882.35","2020-11-11"
"2575","6","170.61",\N
"2576","54","780.41","2024-01-13"
"2577","64","306.44","2020-04-12"
"2578","55",\N,"2021-10-23"
"2579",\N,"582.82","2024-01-27"
"2580","61","508.68","2021-01-06"
"2581","13","178.72","2021-01-17"
"2582","25","311.56","2023-01-09"
"2583","19","876.78","2024-02-08"
"2584","11","907.43",\N
"2585","67","448.76","2022-05-15"
"2586","93","339.72","2020-08-12"
"2587","80","692.94","2020-03-01"
"2588","54","723.09","2023-12-12"
"2589","75","556.50","2023-06-22"
"2590","6","398.57","2020-05-24"
"2591","24","661.13","2021-09-18"
"2592","99","945.59","2020-06-08"
"2593","51","732.69","2021-05-11"
"2594","71","330.51","2023-12-31"
"2595","53","290.46","2023-02-07"
"2596","75","321.01","2021-09-06"
"2597","90",\N,"2023-06-27"
"2598","100","288.61","2022-02-15"
"2599","24","834.64",\N
"2600","51","255.88","2021-02-20"
"2601","98","71.04","2022-04-08"
"2602","86","262.44","2021-03-21"
"2603","29","683.34","2021-10-30"
"2604","33","139.31","2023-01-03"
"2605","66","882.66","2023-07-18"
"2606",\N,"225.06","2020-11-07"
"2607","93","630.17","2022-10-23"
"2608","33","14.38","2021-06-09"
"2609","53","848.42","2021-07-27"
"2610","64","594.80","2022-06-17"
"2611","3","88.61","2021-11-16"
"2612","89","740.58","2020-05-11"
"2613","100","123.32","2021-08-01"
"2614","23","720.53","2022-11-21"
"2615","90","576.63","2023-11-18"
"2616","77",\N,\N
"2617","42","762.29","2023-01-16"
"2618","22","394.07","2022-04-25"
"2619","17","46.32","2021-08-26"
"2620","23","688.07","2020-02-18"
"2621","43","744.92","2021-06-04"
"2622","89","646.78","2021-06-04"
"2623","77","439.09","2021-10-31"
"2624","53","939.81","2020-07-30"
"2625","22","911.05","2021-05-10"
"2626","8","431.37","2022-03-08"
"2627","22","332.91","2021-07-17"
"2628","14","196.29","2022-02-03"
"2629","93","950.23","2023-01-23"
"2630","62","46.56","2021-04-16"
"2631","56","766.01","2022-03-12"
"2632","27","133.86","2020-10-29"
"2633","63","82.11","2023-10-19"
"2634","84","476.79",\N
"2635","88","555.26","2022-11-20"
"2636","37","615.43","2021-08-28"
"2637","13","761.33","2021-05-13"
"2638","46",\N,"2022-09-04"
"2639",\N,"727.41","2022-07-10"
"2640","14","962.89","2020-06-18"
"2641","49","219.36","2023-04-02"
"2642","7","86.52","2020-04-16"
"2643","57","126.42","2021-03-31"
"2644","63",\N,"2023-12-09"
"2645","7","679.44","2021-03-07"
"2646","36",\N,"2022-01-16"
"2647","14","80.19","2021-04-10"
"2648",\N,"796.45","2023-11-24"
"2649","87","820.77","2023-06-21"
"2650","67","7.02",\N
"2651","70","826.44","2021-12-09"
"2652","54","851.64","2021-08-18"
"2653","88","42.04","2023-10-25"
"2654","28","928.75","2020-07-27"
"2655","29",\N,"2020-03-26"
"2656","93","5.88","2023-05-06"
"2657","43","723.80","2023-11-06"
"2658",\N,"366.23","2023-03-27"
"2659",\N,"310.84","2023-07-07"
"2660","47","73.32","2020-12-20"
"2661","84","688.91","2022-06-14"
"2662","15","375.64","2023-06-06"
"2663","48","592.24","2023-11-10"
"2664","53","502.05","2023-05-17"
"2665","9","290.30","2022-12-13"
"2666","4","228.61","2020-01-23"
"2667","23","122.31","2021-04-07"
"2668","76","546.05","2022-06-07"
"2669","34","56.71","2020-03-19"
"2670","50","840.15","2022-04-06"
"2671","91","231.04","2021-01-06"
"2672","63","706.02","2023-02-14"
"2673","10","977.99","2022-12-13"
"2674","85","612.70","2020-02-08"
"2675","98","261.05","2020-10-27"
"2676","47","946.38","2023-06-07"
"2677","37","419.56","2022-10-21"
"2678","20",\N,"2024-01-17"
"2679","33","273.26",\N
"2680","36","619.30","2022-03-24"
"2681","74",\N,"2021-07-14"
"2682","53",\N,"2022-06-20"
"2683","25",\N,"2021-10-27"
"2684","37","943.37","2022-08-15"
"2685","65","482.68","2021-07-20"
"2686","84","375.10","2022-09-10"
"2687","8","538.58","2022-04-08"
"2688","65","354.86","2023-09-17"
"2689","98","347.49","2023-06-27"
"2690","1","472.46","2023-10-15"
"2691","28","904.19","2022-12-06"
"2692","42","553.08","2023-01-01"
"2693","92","720.29","2022-01-06"
"2694","86","765.53","2023-08-09"
"2695","79","944.94","2023-10-17"
"2696","5","499.25","2020-06-01"
"2697","44","350.17","2023-01-13"
"2698","89","214.49","2020-05-10"
"2699","73","899.93","2022-07-15"
"2700","65","617.78","2023-12-24"
"2701","85","359.30","2020-11-12"
"2702","78",\N,"2023-08-19"
"2703","61","600.48","2023-10-31"
"2704","33","748.19","2021-04-01"
"2705","6","231.28","2023-11-02"
"2706","67","290.39","2022-01-23"
"2707","94","202.47","2021-11-07"
"2708",\N,"683.24","2023-04-11"
"2709","1","877.91","2022-09-08"
"2710","53","132.04","2023-02-18"
"2711","31","938.69","2020-05-08"
"2712","19","677.77","2020-12-31"
"2713","53","833.34","2020-05-06"
"2714","11","264.71","2020-04-14"
"2715",\N,"631.98","2022-12-30"
"2716","18","693.62","2022-08-10"
"2717","83","14.40","2023-05-17"
"2718","49",\N,"2022-04-27"
"2719","42","863.94","2022-09-01"
"2720","58","23.73","2021-03-26"
"2721","50","749.66","2023-02-21"
"2722","79",\N,\N
"2723","23","149.17","2023-04-23"
"2724","97","34.39","2024-01-28"
"2725","55","510.25","2023-01-26"
"2726","62","963.67","2023-03-02"
"2727","98","501.38","2023-04-03"
"2728","55","219.89","2021-02-15"
"2729",\N,"121.42","2020-11-12"
"2730","93","582.84","2023-04-03"
"2731","81","204.92",\N
"2732","1","574.27","2023-09-18"
"2733","2","207.33","2023-03-07"
"2734",\N,"116.00","2023-09-21"
"2735","18","85.12","2020-05-04"
"2736","81","622.66","2022-04-06"
"2737","86","364.64","2020-10-22"
"2738",\N,"295.17","2022-01-26"
"2739","93","63.31",\N
"2740","30","439.14","2022-12-16"
"2741","74","499.74","2023-07-30"
"2742","6","219.71","2022-10-05"
"2743","80","986.39","2022-07-18"
"2744","90",\N,"2020-09-02"
"2745","87","928.88","2023-08-11"
"2746","35","621.71","2022-12-12"
"2747","4","192.41","2021-06-06"
"2748","90","796.43","2020-06-15"
"2749","95","892.65","2021-12-28"
"2750","19","165.84","2021-12-17"
"2751","58",\N,"2020-05-02"
"2752","85","382.35","2022-08-01"
"2753","51","927.65","2020-05-06"
"2754","26","143.70","2021-09-02"
"2755","44","666.28","2022-12-07"
"2756","58",\N,"2020-04-13"
"2757","6","411.21","2021-04-28"
"2758","43","250.54","2023-09-08"
"2759","81","185.81","2021-03-24"
"2760","2","528.20","2023-10-28"
"2761","94","477.03","2022-06-25"
"2762","19","157.59","2021-03-11"
"2763","10","284.19","2022-01-20"
"2764","96","594.23","2022-12-11"
"2765","28","781.87","2021-07-17"
"2766","11","540.66","2021-06-27"
"2767","2","57.77",\N
"2768","67","382.01","2021-03-11"
"2769","9","907.61","2022-02-24"
"2770","79","182.95","2021-09-21"
"2771","33","378.98","2021-03-04"
"2772","2","662.61","2021-12-21"
"2773","16","666.03","2020-12-26"
"2774","57","610.65","2022-01-20"
"2775","1","638.25","2020-03-31"
"2776","41",\N,"2022-08-12"
"2777","39","548.87","2024-01-12"
"2778","72","778.07","2021-05-15"
"2779","35","490.55","2020-12-31"
"2780","21","791.02","2020-08-03"
"2781","61","198.29","2021-05-03"
"2782","41","701.97","2022-12-19"
"2783","41","152.79","2021-02-21"
"2784","92","899.67","2023-06-27"
"2785","3","903.04","2023-09-13"
"2786","100","834.79","2023-08-22"
"2787","33","255.99","2023-09-28"
"2788","1","975.39","2021-11-04"
"2789","76","233.94","2022-10-21"
"2790","88","491.14","2021-11-05"
"2791","12","212.05","2023-12-10"
"2792","33","625.50","2023-10-07"
"2793","80",\N,"2020-05-31"
"2794","51","628.63","2021-09-30"
"2795","44","381.23","2021-06-13"
"2796","28","15.70","2023-06-12"
"2797","81","698.09",\N
"2798",\N,"471.69",\N
"2799","2","188.55","2021-12-15"
"2800","36","417.36","2023-02-05"
"2801","58","94.72","2022-08-25"
"2802","41","816.45","2023-09-16"
"2803","81","127.74","2020-10-30"
"2804","70","430.43",\N
"2805","39","21.62","2023-10-13"
"2806","31","534.81","2021-08-26"
"2807","84","168.31","2022-12-14"
"2808","15","233.70","2020-08-28"
"2809","94","368.91","2022-05-09"
"2810","58","710.87","2021-06-19"
"2811","40","217.69","2022-07-11"
"2812","73","212.02",\N
"2813","50","101.97","2022-01-13"
"2814","50","937.82",\N
"2815","74","548.02","2023-06-14"
"2816","4","72.55","2020-04-26"
"2817","83","900.44","2022-12-15"
"2818","57","299.15","2022-05-20"
"2819","33","14.87","2021-05-08"
"2820","12","289.43","2021-10-11"
"2821","63","892.99","2021-07-27"
"2822","24","947.23","2023-10-08"
"2823","92","123.29","2020-06-10"
"2824","94","847.21","2022-09-13"
"2825","87","546.54",\N
"2826","80","666.80","2022-03-05"
"2827","7","402.81","2020-05-29"
"2828","27","140.70","2021-03-07"
"2829","21","246.71","2023-07-28"
"2830","31","23.84","2022-10-17"
"2831","72","455.05","2020-11-16"
"2832","97","375.18","2021-11-22"
"2833","39","142.76","2021-01-22"
"2834","62","453.87","2020-03-08"
"2835","77","207.52","2020-02-02"
"2836","54","37.16","2023-07-14"
"2837","2","531.79","2023-12-30"
"2838","71","676.04","2021-12-21"
"2839","5","465.61","2021-12-10"
"2840","81",\N,"2022-03-29"
"2841","74",\N,\N
"2842","68","662.31","2022-02-27"
"2843","3","741.79",\N
"2844","30","438.60","2022-10-09"
"2845","89","717.25","2022-10-05"
"2846","32","943.01","2020-04-27"
"2847","1","435.38","2020-11-02"
"2848","97","495.10","2022-12-19"
"2849","27","494.68","2020-02-20"
"2850","19","297.86","2023-11-30"
"2851","44","629.86","2020-04-27"
"2852","83","918.26","2020-03-09"
"2853","61","99.89","2021-10-29"
"2854","56","472.81","2020-02-01"
"2855","15","604.97","2020-09-12"
"2856","79","447.83","2021-09-11"
"2857","83","894.46","2022-06-17"
"2858","33","786.41","2020-01-26"
"2859","25","466.02","2022-09-27"
"2860","48","65.67","2023-11-29"
"2861","51","991.84","2021-04-17"
"2862","7","337.21","2023-06-30"
"2863","14","874.13","2021-09-05"
"2864","90",\N,"2023-11-04"
"2865","61","35.05","2020-12-26"
"2866","25","574.74","2022-10-11"
"2867","68","752.54","2020-11-21"
"2868","35","625.66","2023-03-04"
"2869","5","868.34","2020-06-14"
"2870","29","358.02","2021-02-05"
"2871","87","6.49","2021-06-05"
"2872","55","196.64","2023-06-22"
"2873","31","116.35","2022-01-15"
"2874","40","4.09","2022-03-15"
"2875","16","157.44","2022-05-15"
"2876","55","132.12","2022-07-18"
"2877","60","642.79","2023-09-07"
"2878","26","801.99","2023-10-25"
"2879","44","835.77","2024-02-04"
"2880","43","131.67","2022-09-19"
"2881","39","287.02","2020-02-06"
"2882","88","425.79","2020-11-05"
"2883","9","851.99","2021-07-20"
"2884","52","330.26","2022-09-24"
"2885","67","712.15","2022-02-11"
"2886","38","535.59","2023-03-14"
"2887","99","696.47","2021-07-09"
"2888","78","369.72","2020-03-29"
"2889","80","506.66","2022-01-25"
"2890","2","733.04","2023-04-16"
"2891","62","505.97","2020-04-07"
"2892","69","470.49",\N
"2893","67","432.11","2020-09-27"
"2894","54",\N,"2023-03-24"
"2895","59","68.39","2020-02-03"
"2896","81","127.20","2020-08-22"
"2897","84","381.03","2023-02-13"
"2898","1","260.28","2023-09-10"
"2899","75","971.45","2023-04-09"
"2900","39","85.93","2020-10-24"
"2901","100","93.29",\N
"2902","9","437.14","2022-03-07"
"2903","16","119.69","2023-09-14"
"2904","6",\N,"2021-02-06"
"2905","8",\N,"2021-03-31"
"2906","16","137.89","2021-01-27"
"2907","73","420.49","2021-11-28"
"2908","6","875.97","2020-07-28"
"2909","77","354.11","2023-04-25"
"2910","16","600.44","2020-03-17"
"2911","57","226.91","2021-01-10"
"2912","72","240.44","2020-09-23"
"2913","22","410.57","2023-09-14"
"2914","44","165.58","2020-12-01"
"2915","77","447.48","2022-09-05"
"2916","37","987.69","2022-02-16"
"2917","97","661.58","2023-08-24"
"2918","92","381.89","2020-02-10"
"2919","8","182.63","2023-04-07"
"2920","46","580.86","2023-09-09"
"2921","85","970.74","2023-06-10"
"2922","18",\N,"2020-01-22"
"2923","59","997.78","2022-10-26"
"2924","7","974.45","2023-12-24"
"2925","65","460.10","2023-12-28"
"2926","33",\N,"2023-04-04"
"2927","40","387.14","2023-04-01"
"2928","55","161.88","2020-11-05"
"2929","47","58.56","2023-08-25"
"2930","35","620.57","2022-09-13"
"2931","92","414.96","2022-10-06"
"2932","6","955.78","2022-10-16"
"2933","32","880.35","2023-08-20"
"2934","89","921.29","2022-01-29"
"2935","34","732.94","2023-11-19"
"2936","38","632.48","2022-08-06"
"2937",\N,"467.81","2022-01-19"
"2938","28","807.60","2023-06-03"
"2939",\N,"737.76",\N
"2940","54","953.11",\N
"2941","31","560.15","2023-08-31"
"2942","92","360.65","2022-07-09"
"2943","42","325.74","2021-12-08"
"2944","3","251.73","2022-04-02"
"2945","16","37.25","2021-03-24"
"2946","35","873.26","2021-12-24"
"2947","31","527.00","2020-12-14"
"2948","68","719.98","2022-07-04"
"2949","13","807.80","2021-01-21"
"2950","62",\N,"2020-06-03"
"2951","38","276.41","2023-06-15"
"2952","50","771.19","2020-12-08"
"2953","40","441.82","2023-06-20"
"2954","7","568.84","2021-01-18"
"2955","74","751.28","2022-07-15"
"2956","98","921.05","2023-01-25"
"2957",\N,"403.90","2021-10-02"
"2958","48","255.56","2022-03-29"
"2959","7","337.91","2023-05-28"
"2960","72",\N,"2021-02-06"
"2961","71","49.71","2022-04-28"
"2962","31","659.30","2023-04-18"
"2963","32","687.38","2021-01-27"
"2964","78","452.47","2022-05-26"
"2965","3","272.04","2023-10-08"
"2966","99","485.46","2021-06-01"
"2967","19","443.90","2023-02-03"
"2968","31","78.41","2022-12-11"
"2969","92","976.41","2021-03-19"
"2970","84","156.90","2022-01-01"
"2971","86","884.86","2020-06-03"
"2972","100","917.34","2022-01-25"
"2973","32","388.43","2022-05-13"
"2974",\N,"109.37","2023-03-06"
"2975","72","538.87","2023-06-20"
"2976","19","968.78","2022-12-12"
"2977","93","61.28","2023-07-19"
"2978","87","621.63","2020-03-07"
"2979","25","219.54","2024-01-16"
"2980","74","30.09","2024-01-27"
"2981","58","923.08","2021-08-22"
"2982","30","911.32","2022-11-23"
"2983","20","336.75","2022-09-08"
"2984","40","653.47","2023-06-20"
"2985","16","418.74","2022-03-01"
"2986","25","922.60","2021-04-23"
"2987","77","577.92","2020-07-22"
"2988","38","897.93","2022-10-30"
"2989","1","948.20","2023-11-19"
"2990","44","688.98","2020-11-06"
"2991","74","53.46","2021-09-27"
"2992","57","983.14","2022-04-28"
"2993","91","40.00","2022-08-25"
"2994","89","101.61","2023-10-17"
"2995","64","692.11","2021-11-27"
"2996","60","51.55","2022-09-17"
"2997","8","560.99","2023-11-21"
"2998","95","450.57","2020-03-10"
"2999","84","368.49","2022-02-23"
"3000",\N,"963.31","2024-01-01"
